,trialNum,drawDuration,repetition,gameID,target,condition,generalization,outcome,bis
0,1,1.9779253275687514,0,0050-769c4742-aefc-4bea-aeb2-7dc48b51fe82,dining_07,repeated,between,-1.2909917820746473,-3.2689171096433984
1,2,-0.5693626932448341,0,0050-769c4742-aefc-4bea-aeb2-7dc48b51fe82,waiting_04,control,between,0.7745950692447884,1.3439577624896226
2,3,1.4083592905049014,0,0050-769c4742-aefc-4bea-aeb2-7dc48b51fe82,dining_00,repeated,between,0.7745950692447884,-0.633764221260113
3,4,0.8682781071983727,0,0050-769c4742-aefc-4bea-aeb2-7dc48b51fe82,dining_05,repeated,between,0.7745950692447884,-0.09368303795358435
4,5,-0.9390417562159443,0,0050-769c4742-aefc-4bea-aeb2-7dc48b51fe82,dining_03,repeated,between,0.7745950692447884,1.7136368254607328
5,6,-0.7979211458188319,0,0050-769c4742-aefc-4bea-aeb2-7dc48b51fe82,waiting_01,control,between,0.7745950692447884,1.5725162150636203
6,7,-0.2712606545673603,0,0050-769c4742-aefc-4bea-aeb2-7dc48b51fe82,waiting_06,control,between,-1.2909917820746473,-1.019731127507287
7,8,-0.816222089530273,0,0050-769c4742-aefc-4bea-aeb2-7dc48b51fe82,waiting_02,control,between,-1.2909917820746473,-0.4747696925443743
8,33,0.6527336590413996,7,0050-769c4742-aefc-4bea-aeb2-7dc48b51fe82,dining_07,repeated,between,-1.2909917820746473,-1.943725441116047
9,34,0.7458651281507332,7,0050-769c4742-aefc-4bea-aeb2-7dc48b51fe82,dining_00,repeated,between,-1.2909917820746473,-2.0368569102253806
10,35,-1.1409621684988447,7,0050-769c4742-aefc-4bea-aeb2-7dc48b51fe82,dining_05,repeated,between,0.7745950692447884,1.915557237743633
11,36,0.11183910045880689,7,0050-769c4742-aefc-4bea-aeb2-7dc48b51fe82,waiting_02,control,between,0.7745950692447884,0.6627559687859815
12,37,-0.23221864131628592,7,0050-769c4742-aefc-4bea-aeb2-7dc48b51fe82,waiting_06,control,between,0.7745950692447884,1.0068137105610744
13,38,1.3125843517483595,7,0050-769c4742-aefc-4bea-aeb2-7dc48b51fe82,dining_03,repeated,between,-1.2909917820746473,-2.603576133823007
14,39,-1.2672386801077882,7,0050-769c4742-aefc-4bea-aeb2-7dc48b51fe82,waiting_04,control,between,0.7745950692447884,2.0418337493525764
15,40,-1.0433571353711586,7,0050-769c4742-aefc-4bea-aeb2-7dc48b51fe82,waiting_01,control,between,0.7745950692447884,1.8179522046159469
16,1,2.2637055639254933,0,0051-e13f6f0c-ae9b-4976-8fcd-870cdb75f63f,waiting_02,repeated,between,0.258197823084901,-2.005507740840592
17,2,1.3203421286278165,0,0051-e13f6f0c-ae9b-4976-8fcd-870cdb75f63f,dining_06,control,between,0.258197823084901,-1.0621443055429154
18,3,-0.2681053413270622,0,0051-e13f6f0c-ae9b-4976-8fcd-870cdb75f63f,dining_05,control,between,0.258197823084901,0.5263031644119632
19,4,0.16368698956333008,0,0051-e13f6f0c-ae9b-4976-8fcd-870cdb75f63f,waiting_07,repeated,between,0.258197823084901,0.09451083352157094
20,5,1.2504328941027052,0,0051-e13f6f0c-ae9b-4976-8fcd-870cdb75f63f,waiting_04,repeated,between,0.258197823084901,-0.9922350710178042
21,6,-0.5430816637924994,0,0051-e13f6f0c-ae9b-4976-8fcd-870cdb75f63f,waiting_03,repeated,between,0.258197823084901,0.8012794868774005
22,7,1.2008110452829206,0,0051-e13f6f0c-ae9b-4976-8fcd-870cdb75f63f,dining_00,control,between,0.258197823084901,-0.9426132221980196
23,8,0.3860257707392718,0,0051-e13f6f0c-ae9b-4976-8fcd-870cdb75f63f,dining_01,control,between,0.258197823084901,-0.12782794765437078
24,33,-1.0390259981294645,7,0051-e13f6f0c-ae9b-4976-8fcd-870cdb75f63f,dining_05,control,between,0.258197823084901,1.2972238212143656
25,34,-0.09401763966649132,7,0051-e13f6f0c-ae9b-4976-8fcd-870cdb75f63f,dining_01,control,between,0.258197823084901,0.35221546275139237
26,35,-0.4981204306077219,7,0051-e13f6f0c-ae9b-4976-8fcd-870cdb75f63f,dining_06,control,between,0.258197823084901,0.756318253692623
27,36,-0.18229518287074933,7,0051-e13f6f0c-ae9b-4976-8fcd-870cdb75f63f,waiting_04,repeated,between,-3.8729673462735152,-3.6906721634027657
28,37,-1.089196154671015,7,0051-e13f6f0c-ae9b-4976-8fcd-870cdb75f63f,waiting_03,repeated,between,0.258197823084901,1.347393977755916
29,38,-0.5274548937221804,7,0051-e13f6f0c-ae9b-4976-8fcd-870cdb75f63f,dining_00,control,between,0.258197823084901,0.7856527168070814
30,39,-1.2128395459291526,7,0051-e13f6f0c-ae9b-4976-8fcd-870cdb75f63f,waiting_02,repeated,between,0.258197823084901,1.4710373690140535
31,40,-1.1308675415251987,7,0051-e13f6f0c-ae9b-4976-8fcd-870cdb75f63f,waiting_07,repeated,between,0.258197823084901,1.3890653646100999
32,1,-1.5570887257427473,0,0232-52e2508f-1993-48fa-8bb3-3d1bb74dfc40,waiting_01,repeated,between,-1.4832364974260364,0.0738522283167109
33,2,0.27635565835668485,0,0232-52e2508f-1993-48fa-8bb3-3d1bb74dfc40,dining_06,control,between,0.6741984079209257,0.3978427495642408
34,3,1.2656939748442875,0,0232-52e2508f-1993-48fa-8bb3-3d1bb74dfc40,waiting_04,repeated,between,-1.4832364974260364,-2.748930472270324
35,4,-0.08514635243192392,0,0232-52e2508f-1993-48fa-8bb3-3d1bb74dfc40,dining_02,control,between,0.6741984079209257,0.7593447603528496
36,5,1.892628216885668,0,0232-52e2508f-1993-48fa-8bb3-3d1bb74dfc40,dining_07,control,between,-1.4832364974260364,-3.3758647143117044
37,6,1.844593327117749,0,0232-52e2508f-1993-48fa-8bb3-3d1bb74dfc40,dining_05,control,between,-1.4832364974260364,-3.3278298245437856
38,7,0.0373087890891081,0,0232-52e2508f-1993-48fa-8bb3-3d1bb74dfc40,waiting_00,repeated,between,-1.4832364974260364,-1.5205452865151445
39,8,-0.43492153567155734,0,0232-52e2508f-1993-48fa-8bb3-3d1bb74dfc40,waiting_03,repeated,between,0.6741984079209257,1.109119943592483
40,33,-0.87287344144291,7,0232-52e2508f-1993-48fa-8bb3-3d1bb74dfc40,waiting_00,repeated,between,0.6741984079209257,1.5470718493638356
41,34,-1.0559923639384499,7,0232-52e2508f-1993-48fa-8bb3-3d1bb74dfc40,dining_02,control,between,0.6741984079209257,1.7301907718593754
42,35,-0.16565553387392876,7,0232-52e2508f-1993-48fa-8bb3-3d1bb74dfc40,dining_07,control,between,0.6741984079209257,0.8398539417948544
43,36,-1.1383056726956813,7,0232-52e2508f-1993-48fa-8bb3-3d1bb74dfc40,waiting_03,repeated,between,0.6741984079209257,1.8125040806166068
44,37,-0.5059590487086201,7,0232-52e2508f-1993-48fa-8bb3-3d1bb74dfc40,waiting_01,repeated,between,0.6741984079209257,1.1801574566295456
45,38,-0.1252881851957247,7,0232-52e2508f-1993-48fa-8bb3-3d1bb74dfc40,dining_06,control,between,0.6741984079209257,0.7994865931166504
46,39,-0.4114678805736066,7,0232-52e2508f-1993-48fa-8bb3-3d1bb74dfc40,waiting_04,repeated,between,0.6741984079209257,1.0856662884945323
47,40,1.0361187739816524,7,0232-52e2508f-1993-48fa-8bb3-3d1bb74dfc40,dining_05,control,between,0.6741984079209257,-0.36192036606072675
48,1,2.4657282095499196,0,0647-0ece0513-aa05-4676-bb63-3845126ce2c1,dining_04,repeated,between,-2.0816606661464636,-4.547388875696383
49,2,1.4648427418161611,0,0647-0ece0513-aa05-4676-bb63-3845126ce2c1,dining_07,repeated,between,-2.0816606661464636,-3.546503407962625
50,3,0.30687798537773187,0,0647-0ece0513-aa05-4676-bb63-3845126ce2c1,waiting_01,control,between,0.4803832306491839,0.17350524527145206
51,4,0.029019243593418394,0,0647-0ece0513-aa05-4676-bb63-3845126ce2c1,dining_06,repeated,between,0.4803832306491839,0.4513639870557655
52,5,1.3833331109126867,0,0647-0ece0513-aa05-4676-bb63-3845126ce2c1,waiting_05,control,between,0.4803832306491839,-0.9029498802635028
53,6,-0.961636270464195,0,0647-0ece0513-aa05-4676-bb63-3845126ce2c1,waiting_02,control,between,0.4803832306491839,1.442019501113379
54,7,-0.9523963123050965,0,0647-0ece0513-aa05-4676-bb63-3845126ce2c1,dining_03,repeated,between,0.4803832306491839,1.4327795429542804
55,8,-0.7738671207310898,0,0647-0ece0513-aa05-4676-bb63-3845126ce2c1,waiting_00,control,between,0.4803832306491839,1.2542503513802736
56,33,-0.5296682265263483,7,0647-0ece0513-aa05-4676-bb63-3845126ce2c1,waiting_01,control,between,-2.0816606661464636,-1.5519924396201152
57,34,-0.34948904242393086,7,0647-0ece0513-aa05-4676-bb63-3845126ce2c1,dining_06,repeated,between,0.4803832306491839,0.8298722730731147
58,35,-0.1673298672874212,7,0647-0ece0513-aa05-4676-bb63-3845126ce2c1,dining_04,repeated,between,0.4803832306491839,0.6477130979366051
59,36,0.4995971126960688,7,0647-0ece0513-aa05-4676-bb63-3845126ce2c1,waiting_05,control,between,0.4803832306491839,-0.0192138820468849
60,37,-0.4894084088331342,7,0647-0ece0513-aa05-4676-bb63-3845126ce2c1,dining_07,repeated,between,0.4803832306491839,0.9697916394823181
61,38,-1.474783946799834,7,0647-0ece0513-aa05-4676-bb63-3845126ce2c1,dining_03,repeated,between,0.4803832306491839,1.955167177449018
62,39,-0.4887484118217701,7,0647-0ece0513-aa05-4676-bb63-3845126ce2c1,waiting_02,control,between,0.4803832306491839,0.969131642470954
63,40,0.03792920324683439,7,0647-0ece0513-aa05-4676-bb63-3845126ce2c1,waiting_00,control,between,0.4803832306491839,0.4424540274023495
64,1,0.9621046165050152,0,0786-9d8492b6-e57d-4cb6-a44e-a79bccb681f4,dining_00,control,between,0.258197823084901,-0.7039067934201142
65,2,1.9234338563289275,0,0786-9d8492b6-e57d-4cb6-a44e-a79bccb681f4,dining_07,control,between,-3.8729673462735152,-5.796401202602443
66,3,1.5126565212736853,0,0786-9d8492b6-e57d-4cb6-a44e-a79bccb681f4,waiting_06,repeated,between,0.258197823084901,-1.2544586981887842
67,4,1.8986218025336445,0,0786-9d8492b6-e57d-4cb6-a44e-a79bccb681f4,waiting_05,repeated,between,0.258197823084901,-1.6404239794487436
68,5,-0.5048391417694437,0,0786-9d8492b6-e57d-4cb6-a44e-a79bccb681f4,dining_02,control,between,0.258197823084901,0.7630369648543447
69,6,-0.11970092896932728,0,0786-9d8492b6-e57d-4cb6-a44e-a79bccb681f4,dining_04,control,between,0.258197823084901,0.3778987520542283
70,7,0.45097630832218344,0,0786-9d8492b6-e57d-4cb6-a44e-a79bccb681f4,waiting_03,repeated,between,0.258197823084901,-0.19277848523728242
71,8,-0.5420572224623682,0,0786-9d8492b6-e57d-4cb6-a44e-a79bccb681f4,waiting_01,repeated,between,0.258197823084901,0.8002550455472692
72,33,-0.41551574810642433,7,0786-9d8492b6-e57d-4cb6-a44e-a79bccb681f4,waiting_05,repeated,between,0.258197823084901,0.6737135711913254
73,34,-0.10701921258507141,7,0786-9d8492b6-e57d-4cb6-a44e-a79bccb681f4,dining_00,control,between,0.258197823084901,0.36521703566997243
74,35,-1.1273460025444348,7,0786-9d8492b6-e57d-4cb6-a44e-a79bccb681f4,dining_02,control,between,0.258197823084901,1.3855438256293358
75,36,-0.8841878753506603,7,0786-9d8492b6-e57d-4cb6-a44e-a79bccb681f4,waiting_03,repeated,between,0.258197823084901,1.1423856984355614
76,37,-0.6697014547647689,7,0786-9d8492b6-e57d-4cb6-a44e-a79bccb681f4,waiting_06,repeated,between,0.258197823084901,0.92789927784967
77,38,-1.0934361956908811,7,0786-9d8492b6-e57d-4cb6-a44e-a79bccb681f4,waiting_01,repeated,between,0.258197823084901,1.351634018775782
78,39,-0.7135360831364357,7,0786-9d8492b6-e57d-4cb6-a44e-a79bccb681f4,dining_04,control,between,0.258197823084901,0.9717339062213367
79,40,-0.5704532395836366,7,0786-9d8492b6-e57d-4cb6-a44e-a79bccb681f4,dining_07,control,between,0.258197823084901,0.8286510626685376
80,1,1.025015307847354,0,0836-215b3490-cdf2-4a13-b55a-ea90f7b1903b,dining_05,repeated,between,0.37796333015554007,-0.647051977691814
81,2,1.6941514537861613,0,0836-215b3490-cdf2-4a13-b55a-ea90f7b1903b,dining_03,repeated,between,-2.6457433110887805,-4.339894764874941
82,3,1.3294594355493978,0,0836-215b3490-cdf2-4a13-b55a-ea90f7b1903b,waiting_01,control,between,-2.6457433110887805,-3.9752027466381783
83,4,1.4909750569829028,0,0836-215b3490-cdf2-4a13-b55a-ea90f7b1903b,waiting_04,control,between,0.37796333015554007,-1.1130117268273627
84,5,1.4467505415903954,0,0836-215b3490-cdf2-4a13-b55a-ea90f7b1903b,dining_06,repeated,between,0.37796333015554007,-1.0687872114348553
85,6,-0.18314717787549287,0,0836-215b3490-cdf2-4a13-b55a-ea90f7b1903b,waiting_00,control,between,0.37796333015554007,0.5611105080310329
86,7,0.16744427023612388,0,0836-215b3490-cdf2-4a13-b55a-ea90f7b1903b,dining_07,repeated,between,0.37796333015554007,0.2105190599194162
87,8,-1.065714680708575,0,0836-215b3490-cdf2-4a13-b55a-ea90f7b1903b,waiting_02,control,between,0.37796333015554007,1.443678010864115
88,33,-0.8409601387138032,7,0836-215b3490-cdf2-4a13-b55a-ea90f7b1903b,dining_05,repeated,between,0.37796333015554007,1.218923468869343
89,34,-1.0005529551302428,7,0836-215b3490-cdf2-4a13-b55a-ea90f7b1903b,dining_03,repeated,between,0.37796333015554007,1.3785162852857828
90,35,-0.664489367147566,7,0836-215b3490-cdf2-4a13-b55a-ea90f7b1903b,waiting_01,control,between,0.37796333015554007,1.042452697303106
91,36,-0.6544480520584459,7,0836-215b3490-cdf2-4a13-b55a-ea90f7b1903b,dining_06,repeated,between,0.37796333015554007,1.032411382213986
92,37,-0.4036288198323413,7,0836-215b3490-cdf2-4a13-b55a-ea90f7b1903b,dining_07,repeated,between,0.37796333015554007,0.7815921499878813
93,38,-1.1490362314480818,7,0836-215b3490-cdf2-4a13-b55a-ea90f7b1903b,waiting_02,control,between,0.37796333015554007,1.5269995616036218
94,39,-0.7114912675647236,7,0836-215b3490-cdf2-4a13-b55a-ea90f7b1903b,waiting_04,control,between,0.37796333015554007,1.0894545977202637
95,40,-0.48032737551306665,7,0836-215b3490-cdf2-4a13-b55a-ea90f7b1903b,waiting_00,control,between,0.37796333015554007,0.8582907056686067
96,1,0.07377337106066707,0,0955-60582965-41c6-492d-aa67-98e15630db39,waiting_00,control,between,0.4803832306491839,0.40660985958851686
97,2,0.8861552357840602,0,0955-60582965-41c6-492d-aa67-98e15630db39,dining_01,repeated,between,0.4803832306491839,-0.40577200513487627
98,3,2.291640012512974,0,0955-60582965-41c6-492d-aa67-98e15630db39,waiting_02,control,between,0.4803832306491839,-1.81125678186379
99,4,1.1806655313226915,0,0955-60582965-41c6-492d-aa67-98e15630db39,dining_06,repeated,between,0.4803832306491839,-0.7002823006735075
100,5,-0.46946690674969915,0,0955-60582965-41c6-492d-aa67-98e15630db39,dining_07,repeated,between,0.4803832306491839,0.949850137398883
101,6,-0.21111431086135554,0,0955-60582965-41c6-492d-aa67-98e15630db39,waiting_05,control,between,-2.0816606661464636,-1.870546355285108
102,7,-1.1124324529503744,0,0955-60582965-41c6-492d-aa67-98e15630db39,dining_03,repeated,between,0.4803832306491839,1.5928156835995584
103,8,1.0783159137642164,0,0955-60582965-41c6-492d-aa67-98e15630db39,waiting_04,control,between,0.4803832306491839,-0.5979326831150324
104,33,-1.3182980654753977,7,0955-60582965-41c6-492d-aa67-98e15630db39,dining_03,repeated,between,0.4803832306491839,1.7986812961245817
105,34,-0.8972358211607605,7,0955-60582965-41c6-492d-aa67-98e15630db39,dining_01,repeated,between,-2.0816606661464636,-1.184424844985703
106,35,-0.9479732384119703,7,0955-60582965-41c6-492d-aa67-98e15630db39,dining_07,repeated,between,0.4803832306491839,1.4283564690611543
107,36,-0.15804413879399812,7,0955-60582965-41c6-492d-aa67-98e15630db39,dining_06,repeated,between,-2.0816606661464636,-1.9236165273524655
108,37,0.40969006458591806,7,0955-60582965-41c6-492d-aa67-98e15630db39,waiting_04,control,between,0.4803832306491839,0.07069316606326587
109,38,0.753479805615667,7,0955-60582965-41c6-492d-aa67-98e15630db39,waiting_05,control,between,0.4803832306491839,-0.27309657496648304
110,39,-0.28926159720229894,7,0955-60582965-41c6-492d-aa67-98e15630db39,waiting_00,control,between,0.4803832306491839,0.7696448278514829
111,40,-1.2698934030403357,7,0955-60582965-41c6-492d-aa67-98e15630db39,waiting_02,control,between,0.4803832306491839,1.7502766336895197
112,1,-0.14955606924645498,0,1096-f9380acb-8b85-4f77-8d5a-c20189a77eba,waiting_06,repeated,between,0.37796333015554007,0.5275193994019951
113,2,-0.16642550272204987,0,1096-f9380acb-8b85-4f77-8d5a-c20189a77eba,dining_05,control,between,0.37796333015554007,0.5443888328775899
114,3,1.1320938006335683,0,1096-f9380acb-8b85-4f77-8d5a-c20189a77eba,dining_07,control,between,0.37796333015554007,-0.7541304704780283
115,4,1.6078545320718713,0,1096-f9380acb-8b85-4f77-8d5a-c20189a77eba,waiting_00,repeated,between,0.37796333015554007,-1.2298912019163313
116,5,1.7515650223133339,0,1096-f9380acb-8b85-4f77-8d5a-c20189a77eba,dining_04,control,between,0.37796333015554007,-1.3736016921577938
117,6,-0.5802604657056364,0,1096-f9380acb-8b85-4f77-8d5a-c20189a77eba,dining_03,control,between,0.37796333015554007,0.9582237958611765
118,7,0.26491950513493895,0,1096-f9380acb-8b85-4f77-8d5a-c20189a77eba,waiting_01,repeated,between,0.37796333015554007,0.11304382502060112
119,8,0.8700837389303382,0,1096-f9380acb-8b85-4f77-8d5a-c20189a77eba,waiting_02,repeated,between,0.37796333015554007,-0.4921204087747981
120,33,-0.8239063340050544,7,1096-f9380acb-8b85-4f77-8d5a-c20189a77eba,dining_07,control,between,0.37796333015554007,1.2018696641605944
121,34,-1.2462827822927396,7,1096-f9380acb-8b85-4f77-8d5a-c20189a77eba,waiting_00,repeated,between,0.37796333015554007,1.6242461124482797
122,35,0.28093479008012406,7,1096-f9380acb-8b85-4f77-8d5a-c20189a77eba,dining_04,control,between,-2.6457433110887805,-2.9266781011689047
123,36,-1.7880264877052054,7,1096-f9380acb-8b85-4f77-8d5a-c20189a77eba,waiting_01,repeated,between,0.37796333015554007,2.1659898178607455
124,37,-0.4914290185430089,7,1096-f9380acb-8b85-4f77-8d5a-c20189a77eba,dining_03,control,between,0.37796333015554007,0.869392348698549
125,38,-0.9985797084738746,7,1096-f9380acb-8b85-4f77-8d5a-c20189a77eba,dining_05,control,between,0.37796333015554007,1.3765430386294146
126,39,-0.5552766211911473,7,1096-f9380acb-8b85-4f77-8d5a-c20189a77eba,waiting_06,repeated,between,-2.6457433110887805,-2.0904666898976334
127,40,0.8922916007209952,7,1096-f9380acb-8b85-4f77-8d5a-c20189a77eba,waiting_02,repeated,between,0.37796333015554007,-0.5143282705654552
128,1,1.2417800092139546,0,1291-3bda039e-7339-457f-8762-5b741cf9e305,waiting_05,repeated,between,-0.8819153259140028,-2.1236953351279575
129,2,1.2719577406067282,0,1291-3bda039e-7339-457f-8762-5b741cf9e305,waiting_07,repeated,between,1.1338911333180035,-0.13806660728872466
130,3,0.4694607433785085,0,1291-3bda039e-7339-457f-8762-5b741cf9e305,dining_01,control,between,1.1338911333180035,0.664430389939495
131,4,0.8016080035486555,0,1291-3bda039e-7339-457f-8762-5b741cf9e305,dining_03,control,between,1.1338911333180035,0.33228312976934804
132,5,1.6598473071711708,0,1291-3bda039e-7339-457f-8762-5b741cf9e305,waiting_06,repeated,between,-0.8819153259140028,-2.5417626330851735
133,6,1.2861816394797554,0,1291-3bda039e-7339-457f-8762-5b741cf9e305,waiting_04,repeated,between,-0.8819153259140028,-2.168096965393758
134,7,0.25187353359112064,0,1291-3bda039e-7339-457f-8762-5b741cf9e305,dining_00,control,between,1.1338911333180035,0.8820175997268829
135,8,-0.020879338041656367,0,1291-3bda039e-7339-457f-8762-5b741cf9e305,dining_02,control,between,-0.8819153259140028,-0.8610359878723465
136,33,-1.0988202147975499,7,1291-3bda039e-7339-457f-8762-5b741cf9e305,dining_02,control,between,1.1338911333180035,2.2327113481155534
137,34,-1.277387810108931,7,1291-3bda039e-7339-457f-8762-5b741cf9e305,waiting_06,repeated,between,-0.8819153259140028,0.3954724841949283
138,35,-0.2563425288451459,7,1291-3bda039e-7339-457f-8762-5b741cf9e305,waiting_07,repeated,between,1.1338911333180035,1.3902336621631495
139,36,-0.41741857283969636,7,1291-3bda039e-7339-457f-8762-5b741cf9e305,dining_03,control,between,-0.8819153259140028,-0.46449675307430643
140,37,-1.5664789439607256,7,1291-3bda039e-7339-457f-8762-5b741cf9e305,waiting_04,repeated,between,-0.8819153259140028,0.6845636180467228
141,38,-0.4795039692719635,7,1291-3bda039e-7339-457f-8762-5b741cf9e305,waiting_05,repeated,between,-0.8819153259140028,-0.4024113566420393
142,39,-0.9450483350891485,7,1291-3bda039e-7339-457f-8762-5b741cf9e305,dining_01,control,between,1.1338911333180035,2.0789394684071523
143,40,-0.9208292640350753,7,1291-3bda039e-7339-457f-8762-5b741cf9e305,dining_00,control,between,-0.8819153259140028,0.03891393812107247
144,1,0.7187186832507614,0,1456-d61538b0-dfa4-4429-bd74-42ce8c65ed4d,waiting_00,control,between,0.37796333015554007,-0.3407553530952213
145,2,2.445633055739788,0,1456-d61538b0-dfa4-4429-bd74-42ce8c65ed4d,waiting_04,control,between,0.37796333015554007,-2.0676697255842478
146,3,-0.3896823645294103,0,1456-d61538b0-dfa4-4429-bd74-42ce8c65ed4d,waiting_06,control,between,0.37796333015554007,0.7676456946849504
147,4,-0.5895609972899021,0,1456-d61538b0-dfa4-4429-bd74-42ce8c65ed4d,waiting_07,control,between,0.37796333015554007,0.9675243274454421
148,5,1.3553691431545503,0,1456-d61538b0-dfa4-4429-bd74-42ce8c65ed4d,dining_02,repeated,between,0.37796333015554007,-0.9774058129990102
149,6,0.7279723236563398,0,1456-d61538b0-dfa4-4429-bd74-42ce8c65ed4d,dining_01,repeated,between,-2.6457433110887805,-3.3737156347451203
150,7,-0.5479196154647995,0,1456-d61538b0-dfa4-4429-bd74-42ce8c65ed4d,dining_03,repeated,between,0.37796333015554007,0.9258829456203396
151,8,1.1860275237324667,0,1456-d61538b0-dfa4-4429-bd74-42ce8c65ed4d,dining_05,repeated,between,-2.6457433110887805,-3.8317708348212474
152,33,-0.4918425546069949,7,1456-d61538b0-dfa4-4429-bd74-42ce8c65ed4d,waiting_07,control,between,0.37796333015554007,0.869805884762535
153,34,0.42297233588847827,7,1456-d61538b0-dfa4-4429-bd74-42ce8c65ed4d,waiting_00,control,between,0.37796333015554007,-0.0450090057329382
154,35,-1.2415725002669507,7,1456-d61538b0-dfa4-4429-bd74-42ce8c65ed4d,dining_03,repeated,between,0.37796333015554007,1.6195358304224907
155,36,-0.7061568664001889,7,1456-d61538b0-dfa4-4429-bd74-42ce8c65ed4d,dining_01,repeated,between,0.37796333015554007,1.084120196555729
156,37,-1.0043091602679224,7,1456-d61538b0-dfa4-4429-bd74-42ce8c65ed4d,waiting_04,control,between,0.37796333015554007,1.3822724904234625
157,38,-0.21811987140998806,7,1456-d61538b0-dfa4-4429-bd74-42ce8c65ed4d,dining_05,repeated,between,0.37796333015554007,0.5960832015655282
158,39,-0.7300312586465809,7,1456-d61538b0-dfa4-4429-bd74-42ce8c65ed4d,waiting_06,control,between,0.37796333015554007,1.107994588802121
159,40,-0.937497876539647,7,1456-d61538b0-dfa4-4429-bd74-42ce8c65ed4d,dining_02,repeated,between,0.37796333015554007,1.3154612066951872
160,1,0.6490590067568764,0,1696-c4c60e8e-a818-42cf-8cef-9b5466d277a3,dining_02,repeated,between,-2.0816606661464636,-2.73071967290334
161,2,-0.12803847018937423,0,1696-c4c60e8e-a818-42cf-8cef-9b5466d277a3,dining_00,repeated,between,0.4803832306491839,0.6084217008385582
162,3,1.6799672564679045,0,1696-c4c60e8e-a818-42cf-8cef-9b5466d277a3,waiting_04,control,between,-2.0816606661464636,-3.761627922614368
163,4,0.952329437737259,0,1696-c4c60e8e-a818-42cf-8cef-9b5466d277a3,waiting_05,control,between,0.4803832306491839,-0.47194620708807505
164,5,0.43326704600124705,0,1696-c4c60e8e-a818-42cf-8cef-9b5466d277a3,waiting_01,control,between,0.4803832306491839,0.047116184647936876
165,6,0.898645467076193,0,1696-c4c60e8e-a818-42cf-8cef-9b5466d277a3,waiting_03,control,between,0.4803832306491839,-0.41826223642700905
166,7,-1.0874854343646883,0,1696-c4c60e8e-a818-42cf-8cef-9b5466d277a3,dining_07,repeated,between,0.4803832306491839,1.5678686650138722
167,8,1.3562793153344608,0,1696-c4c60e8e-a818-42cf-8cef-9b5466d277a3,dining_06,repeated,between,0.4803832306491839,-0.8758960846852768
168,33,1.2564799338104462,7,1696-c4c60e8e-a818-42cf-8cef-9b5466d277a3,waiting_04,control,between,-2.0816606661464636,-3.33814059995691
169,34,-0.8298023751915713,7,1696-c4c60e8e-a818-42cf-8cef-9b5466d277a3,dining_00,repeated,between,0.4803832306491839,1.3101856058407553
170,35,-0.572823368092698,7,1696-c4c60e8e-a818-42cf-8cef-9b5466d277a3,waiting_01,control,between,0.4803832306491839,1.053206598741882
171,36,-1.010743758272148,7,1696-c4c60e8e-a818-42cf-8cef-9b5466d277a3,dining_06,repeated,between,0.4803832306491839,1.4911269889213319
172,37,-1.397268347031823,7,1696-c4c60e8e-a818-42cf-8cef-9b5466d277a3,dining_07,repeated,between,0.4803832306491839,1.877651577681007
173,38,-1.1906290632413592,7,1696-c4c60e8e-a818-42cf-8cef-9b5466d277a3,dining_02,repeated,between,0.4803832306491839,1.6710122938905432
174,39,-0.10498076475789993,7,1696-c4c60e8e-a818-42cf-8cef-9b5466d277a3,waiting_05,control,between,0.4803832306491839,0.5853639954070838
175,40,-0.9042558820428203,7,1696-c4c60e8e-a818-42cf-8cef-9b5466d277a3,waiting_03,control,between,0.4803832306491839,1.3846391126920041
176,1,0.29085853849766646,0,1993-b2fda10b-f02f-4ef8-a2f3-e482ead74bb9,dining_03,repeated,between,0.258197823084901,-0.03266071541276544
177,2,-1.923844181647724,0,1993-b2fda10b-f02f-4ef8-a2f3-e482ead74bb9,waiting_00,control,between,0.258197823084901,2.182042004732625
178,3,0.7104577415762688,0,1993-b2fda10b-f02f-4ef8-a2f3-e482ead74bb9,dining_07,repeated,between,-3.8729673462735152,-4.583425087849784
179,4,0.6205436266308539,0,1993-b2fda10b-f02f-4ef8-a2f3-e482ead74bb9,waiting_01,control,between,0.258197823084901,-0.3623458035459529
180,5,0.49520879973724574,0,1993-b2fda10b-f02f-4ef8-a2f3-e482ead74bb9,waiting_04,control,between,0.258197823084901,-0.23701097665234472
181,6,-0.3358155959703747,0,1993-b2fda10b-f02f-4ef8-a2f3-e482ead74bb9,dining_06,repeated,between,0.258197823084901,0.5940134190552757
182,7,1.2662904521479232,0,1993-b2fda10b-f02f-4ef8-a2f3-e482ead74bb9,waiting_02,control,between,0.258197823084901,-1.008092629063022
183,8,1.843466412226822,0,1993-b2fda10b-f02f-4ef8-a2f3-e482ead74bb9,dining_05,repeated,between,0.258197823084901,-1.5852685891419211
184,33,-0.49838758157875096,7,1993-b2fda10b-f02f-4ef8-a2f3-e482ead74bb9,waiting_04,control,between,0.258197823084901,0.756585404663652
185,34,1.6186811248632857,7,1993-b2fda10b-f02f-4ef8-a2f3-e482ead74bb9,dining_06,repeated,between,0.258197823084901,-1.3604833017783848
186,35,-0.9888282085537401,7,1993-b2fda10b-f02f-4ef8-a2f3-e482ead74bb9,dining_03,repeated,between,0.258197823084901,1.247026031638641
187,36,-0.7613182510403422,7,1993-b2fda10b-f02f-4ef8-a2f3-e482ead74bb9,waiting_01,control,between,0.258197823084901,1.0195160741252431
188,37,-0.9016387637581864,7,1993-b2fda10b-f02f-4ef8-a2f3-e482ead74bb9,waiting_02,control,between,0.258197823084901,1.1598365868430873
189,38,-0.32082991014613915,7,1993-b2fda10b-f02f-4ef8-a2f3-e482ead74bb9,dining_07,repeated,between,0.258197823084901,0.5790277332310402
190,39,-0.5828523562244435,7,1993-b2fda10b-f02f-4ef8-a2f3-e482ead74bb9,waiting_00,control,between,0.258197823084901,0.8410501793093446
191,40,-0.5319918467603705,7,1993-b2fda10b-f02f-4ef8-a2f3-e482ead74bb9,dining_05,repeated,between,0.258197823084901,0.7901896698452715
192,1,0.1673347643496443,0,2278-180099e6-6124-48cf-a3c4-3196be754954,waiting_03,repeated,between,0.258197823084901,0.09086305873525671
193,2,0.40238047700895724,0,2278-180099e6-6124-48cf-a3c4-3196be754954,dining_02,control,between,0.258197823084901,-0.14418265392405621
194,3,0.16671622300054065,0,2278-180099e6-6124-48cf-a3c4-3196be754954,waiting_00,repeated,between,0.258197823084901,0.09148160008436038
195,4,-0.5718221478289848,0,2278-180099e6-6124-48cf-a3c4-3196be754954,waiting_05,repeated,between,0.258197823084901,0.8300199709138858
196,5,-0.5616162155687779,0,2278-180099e6-6124-48cf-a3c4-3196be754954,waiting_04,repeated,between,0.258197823084901,0.819814038653679
197,6,0.7521656099269612,0,2278-180099e6-6124-48cf-a3c4-3196be754954,dining_06,control,between,0.258197823084901,-0.4939677868420602
198,7,-0.07791688056987599,0,2278-180099e6-6124-48cf-a3c4-3196be754954,dining_07,control,between,0.258197823084901,0.336114703654777
199,8,1.5596713411815222,0,2278-180099e6-6124-48cf-a3c4-3196be754954,dining_01,control,between,0.258197823084901,-1.3014735180966213
200,33,-1.813853176828723,7,2278-180099e6-6124-48cf-a3c4-3196be754954,waiting_03,repeated,between,-3.8729673462735152,-2.0591141694447925
201,34,-0.6479027337687099,7,2278-180099e6-6124-48cf-a3c4-3196be754954,dining_07,control,between,0.258197823084901,0.9061005568536109
202,35,-1.9493137322823795,7,2278-180099e6-6124-48cf-a3c4-3196be754954,waiting_04,repeated,between,0.258197823084901,2.2075115553672804
203,36,0.07115158456405705,7,2278-180099e6-6124-48cf-a3c4-3196be754954,dining_01,control,between,0.258197823084901,0.18704623852084395
204,37,1.7056470995699369,7,2278-180099e6-6124-48cf-a3c4-3196be754954,dining_06,control,between,0.258197823084901,-1.447449276485036
205,38,1.2098862082635176,7,2278-180099e6-6124-48cf-a3c4-3196be754954,waiting_00,repeated,between,0.258197823084901,-0.9516883851786165
206,39,-0.4914117724455357,7,2278-180099e6-6124-48cf-a3c4-3196be754954,waiting_05,repeated,between,0.258197823084901,0.7496095955304367
207,40,0.0788833514278498,7,2278-180099e6-6124-48cf-a3c4-3196be754954,dining_02,control,between,0.258197823084901,0.17931447165705122
208,1,0.22725873366265498,0,2391-14c2ae6d-73d2-4e2a-b4e8-d9cdedbd393c,dining_07,control,between,0.5773489358593717,0.35009020219671677
209,2,-0.10579798921017056,0,2391-14c2ae6d-73d2-4e2a-b4e8-d9cdedbd393c,waiting_05,repeated,between,0.5773489358593717,0.6831469250695423
210,3,0.537375877182316,0,2391-14c2ae6d-73d2-4e2a-b4e8-d9cdedbd393c,dining_01,control,between,-1.732046807578115,-2.269422684760431
211,4,0.7858158497996022,0,2391-14c2ae6d-73d2-4e2a-b4e8-d9cdedbd393c,dining_06,control,between,0.5773489358593717,-0.20846691394023042
212,5,-2.1266450835483393,0,2391-14c2ae6d-73d2-4e2a-b4e8-d9cdedbd393c,waiting_03,repeated,between,0.5773489358593717,2.703994019407711
213,6,0.48608644032665643,0,2391-14c2ae6d-73d2-4e2a-b4e8-d9cdedbd393c,waiting_02,repeated,between,0.5773489358593717,0.09126249553271532
214,7,0.14350762791100877,0,2391-14c2ae6d-73d2-4e2a-b4e8-d9cdedbd393c,waiting_00,repeated,between,-1.732046807578115,-1.8755544354891238
215,8,-1.4990528182259268,0,2391-14c2ae6d-73d2-4e2a-b4e8-d9cdedbd393c,dining_04,control,between,-1.732046807578115,-0.23299398935218818
216,33,0.4856536180747102,7,2391-14c2ae6d-73d2-4e2a-b4e8-d9cdedbd393c,dining_06,control,between,0.5773489358593717,0.09169531778466156
217,34,1.301307151867873,7,2391-14c2ae6d-73d2-4e2a-b4e8-d9cdedbd393c,waiting_00,repeated,between,-1.732046807578115,-3.033353959445988
218,35,1.8092240645270812,7,2391-14c2ae6d-73d2-4e2a-b4e8-d9cdedbd393c,dining_01,control,between,0.5773489358593717,-1.2318751286677094
219,36,-0.9143099558462164,7,2391-14c2ae6d-73d2-4e2a-b4e8-d9cdedbd393c,dining_07,control,between,0.5773489358593717,1.4916588917055882
220,37,-0.4317131449258787,7,2391-14c2ae6d-73d2-4e2a-b4e8-d9cdedbd393c,waiting_05,repeated,between,0.5773489358593717,1.0090620807852504
221,38,0.5023172747746497,7,2391-14c2ae6d-73d2-4e2a-b4e8-d9cdedbd393c,dining_04,control,between,0.5773489358593717,0.07503166108472203
222,39,-1.23524765566454,7,2391-14c2ae6d-73d2-4e2a-b4e8-d9cdedbd393c,waiting_03,repeated,between,0.5773489358593717,1.8125965915239117
223,40,0.03422000929451988,7,2391-14c2ae6d-73d2-4e2a-b4e8-d9cdedbd393c,waiting_02,repeated,between,0.5773489358593717,0.5431289265648519
224,1,1.6155154662282367,0,4086-fdeecc93-f5a6-426f-a924-c53ebaf80069,dining_00,repeated,between,-1.1338911333180035,-2.7494065995462402
225,2,-0.31877998060048984,0,4086-fdeecc93-f5a6-426f-a924-c53ebaf80069,waiting_07,control,between,0.8819153259140028,1.2006953065144925
226,3,1.1272813684127432,0,4086-fdeecc93-f5a6-426f-a924-c53ebaf80069,dining_04,repeated,between,-1.1338911333180035,-2.261172501730747
227,4,-0.47722800828309736,0,4086-fdeecc93-f5a6-426f-a924-c53ebaf80069,waiting_01,control,between,-1.1338911333180035,-0.6566631250349062
228,5,1.1252982892177168,0,4086-fdeecc93-f5a6-426f-a924-c53ebaf80069,dining_05,repeated,between,-1.1338911333180035,-2.2591894225357203
229,6,1.1187541278741295,0,4086-fdeecc93-f5a6-426f-a924-c53ebaf80069,waiting_02,control,between,0.8819153259140028,-0.23683880196012674
230,7,1.5796217327982591,0,4086-fdeecc93-f5a6-426f-a924-c53ebaf80069,dining_06,repeated,between,0.8819153259140028,-0.6977064068842563
231,8,-1.1110201190135272,0,4086-fdeecc93-f5a6-426f-a924-c53ebaf80069,waiting_03,control,between,0.8819153259140028,1.99293544492753
232,33,-1.2605442903185158,7,4086-fdeecc93-f5a6-426f-a924-c53ebaf80069,waiting_02,control,between,0.8819153259140028,2.1424596162325185
233,34,-0.9841030505318389,7,4086-fdeecc93-f5a6-426f-a924-c53ebaf80069,waiting_07,control,between,0.8819153259140028,1.8660183764458416
234,35,-1.1554410929821177,7,4086-fdeecc93-f5a6-426f-a924-c53ebaf80069,waiting_03,control,between,0.8819153259140028,2.0373564188961204
235,36,0.12880099371696305,7,4086-fdeecc93-f5a6-426f-a924-c53ebaf80069,dining_04,repeated,between,-1.1338911333180035,-1.2626921270349665
236,37,0.47544323700757335,7,4086-fdeecc93-f5a6-426f-a924-c53ebaf80069,dining_05,repeated,between,-1.1338911333180035,-1.609334370325577
237,38,-0.2295414168243031,7,4086-fdeecc93-f5a6-426f-a924-c53ebaf80069,dining_06,repeated,between,0.8819153259140028,1.111456742738306
238,39,-0.9160834341424343,7,4086-fdeecc93-f5a6-426f-a924-c53ebaf80069,waiting_01,control,between,-1.1338911333180035,-0.2178076991755692
239,40,-0.7179738225592994,7,4086-fdeecc93-f5a6-426f-a924-c53ebaf80069,dining_00,repeated,between,0.8819153259140028,1.5998891484733022
240,1,-0.7958181154330837,0,4197-1d23a6c0-9864-4a7f-a63d-558ef64cbf94,dining_06,repeated,between,-1.732046807578115,-0.9362286921450313
241,2,-0.44931066359542454,0,4197-1d23a6c0-9864-4a7f-a63d-558ef64cbf94,dining_07,repeated,between,0.5773489358593717,1.0266595994547962
242,3,0.2479402724984476,0,4197-1d23a6c0-9864-4a7f-a63d-558ef64cbf94,waiting_01,control,between,-1.732046807578115,-1.9799870800765627
243,4,1.544166192575755,0,4197-1d23a6c0-9864-4a7f-a63d-558ef64cbf94,waiting_03,control,between,0.5773489358593717,-0.9668172567163833
244,5,0.21151039369888916,0,4197-1d23a6c0-9864-4a7f-a63d-558ef64cbf94,waiting_00,control,between,-1.732046807578115,-1.9435572012770042
245,6,0.33859136625548825,0,4197-1d23a6c0-9864-4a7f-a63d-558ef64cbf94,dining_04,repeated,between,0.5773489358593717,0.2387575696038835
246,7,0.7151746482648755,0,4197-1d23a6c0-9864-4a7f-a63d-558ef64cbf94,dining_05,repeated,between,0.5773489358593717,-0.1378257124055038
247,8,0.8909699936348376,0,4197-1d23a6c0-9864-4a7f-a63d-558ef64cbf94,waiting_02,control,between,0.5773489358593717,-0.3136210577754659
248,33,-0.750492568554563,7,4197-1d23a6c0-9864-4a7f-a63d-558ef64cbf94,dining_05,repeated,between,0.5773489358593717,1.327841504413935
249,34,-0.25148794964898563,7,4197-1d23a6c0-9864-4a7f-a63d-558ef64cbf94,dining_04,repeated,between,0.5773489358593717,0.8288368855083574
250,35,-0.30104952894605874,7,4197-1d23a6c0-9864-4a7f-a63d-558ef64cbf94,waiting_01,control,between,0.5773489358593717,0.8783984648054305
251,36,0.47753322958403593,7,4197-1d23a6c0-9864-4a7f-a63d-558ef64cbf94,waiting_00,control,between,0.5773489358593717,0.09981570627533581
252,37,-2.128050311068094,7,4197-1d23a6c0-9864-4a7f-a63d-558ef64cbf94,waiting_03,control,between,0.5773489358593717,2.705399246927466
253,38,0.7655834340456596,7,4197-1d23a6c0-9864-4a7f-a63d-558ef64cbf94,dining_06,repeated,between,0.5773489358593717,-0.1882344981862879
254,39,1.3332117781318007,7,4197-1d23a6c0-9864-4a7f-a63d-558ef64cbf94,waiting_02,control,between,-1.732046807578115,-3.0652585857099157
255,40,-1.8484721714435766,7,4197-1d23a6c0-9864-4a7f-a63d-558ef64cbf94,dining_07,repeated,between,0.5773489358593717,2.4258211073029483
256,1,0.2791164170176212,0,4344-f66f25b9-b27d-401c-bfee-521325f1ed15,waiting_03,repeated,between,0.7745950692447884,0.4954786522271672
257,2,0.016998263701867487,0,4344-f66f25b9-b27d-401c-bfee-521325f1ed15,waiting_04,repeated,between,0.7745950692447884,0.7575968055429209
258,3,1.8338416666188644,0,4344-f66f25b9-b27d-401c-bfee-521325f1ed15,dining_02,control,between,0.7745950692447884,-1.059246597374076
259,4,1.9355848971822165,0,4344-f66f25b9-b27d-401c-bfee-521325f1ed15,dining_00,control,between,0.7745950692447884,-1.1609898279374282
260,5,0.09533808771916978,0,4344-f66f25b9-b27d-401c-bfee-521325f1ed15,dining_01,control,between,-1.2909917820746473,-1.3863298697938171
261,6,-0.7053047678035748,0,4344-f66f25b9-b27d-401c-bfee-521325f1ed15,waiting_06,repeated,between,-1.2909917820746473,-0.5856870142710725
262,7,1.0041293166494483,0,4344-f66f25b9-b27d-401c-bfee-521325f1ed15,dining_05,control,between,-1.2909917820746473,-2.2951210987240955
263,8,-0.2909412961145727,0,4344-f66f25b9-b27d-401c-bfee-521325f1ed15,waiting_07,repeated,between,0.7745950692447884,1.065536365359361
264,33,-1.2778259974143003,7,4344-f66f25b9-b27d-401c-bfee-521325f1ed15,waiting_07,repeated,between,0.7745950692447884,2.0524210666590887
265,34,-0.2771456038347962,7,4344-f66f25b9-b27d-401c-bfee-521325f1ed15,dining_02,control,between,-1.2909917820746473,-1.0138461782398511
266,35,1.1359274482508843,7,4344-f66f25b9-b27d-401c-bfee-521325f1ed15,dining_01,control,between,-1.2909917820746473,-2.426919230325532
267,36,-1.5093965463962635,7,4344-f66f25b9-b27d-401c-bfee-521325f1ed15,waiting_03,repeated,between,0.7745950692447884,2.283991615641052
268,37,-0.9216015146186424,7,4344-f66f25b9-b27d-401c-bfee-521325f1ed15,waiting_06,repeated,between,0.7745950692447884,1.6961965838634308
269,38,-0.9043568992689217,7,4344-f66f25b9-b27d-401c-bfee-521325f1ed15,waiting_04,repeated,between,0.7745950692447884,1.6789519685137102
270,39,0.09410632947990405,7,4344-f66f25b9-b27d-401c-bfee-521325f1ed15,dining_00,control,between,0.7745950692447884,0.6804887397648843
271,40,-0.508469801168906,7,4344-f66f25b9-b27d-401c-bfee-521325f1ed15,dining_05,control,between,-1.2909917820746473,-0.7825219809057412
272,1,-0.7060600421031222,0,4479-3f10bccf-ef14-4c6a-a2f5-333f692f78d8,waiting_07,repeated,between,0.258197823084901,0.9642578651880233
273,2,2.395986569887035,0,4479-3f10bccf-ef14-4c6a-a2f5-333f692f78d8,dining_04,control,between,-3.8729673462735152,-6.26895391616055
274,3,-0.07835084275419613,0,4479-3f10bccf-ef14-4c6a-a2f5-333f692f78d8,dining_06,control,between,0.258197823084901,0.33654866583909715
275,4,0.12079140483477643,0,4479-3f10bccf-ef14-4c6a-a2f5-333f692f78d8,dining_00,control,between,0.258197823084901,0.1374064182501246
276,5,0.6400051802706772,0,4479-3f10bccf-ef14-4c6a-a2f5-333f692f78d8,waiting_02,repeated,between,0.258197823084901,-0.3818073571857762
277,6,-0.7676276856175378,0,4479-3f10bccf-ef14-4c6a-a2f5-333f692f78d8,waiting_01,repeated,between,0.258197823084901,1.0258255087024388
278,7,2.371319403267253,0,4479-3f10bccf-ef14-4c6a-a2f5-333f692f78d8,waiting_05,repeated,between,0.258197823084901,-2.113121580182352
279,8,-0.9198421528079005,0,4479-3f10bccf-ef14-4c6a-a2f5-333f692f78d8,dining_03,control,between,0.258197823084901,1.1780399758928015
280,33,-0.6649480977368187,7,4479-3f10bccf-ef14-4c6a-a2f5-333f692f78d8,waiting_02,repeated,between,0.258197823084901,0.9231459208217198
281,34,-0.9459131419182395,7,4479-3f10bccf-ef14-4c6a-a2f5-333f692f78d8,waiting_07,repeated,between,0.258197823084901,1.2041109650031405
282,35,-0.4238917215012247,7,4479-3f10bccf-ef14-4c6a-a2f5-333f692f78d8,dining_00,control,between,0.258197823084901,0.6820895445861257
283,36,-0.4617949287462557,7,4479-3f10bccf-ef14-4c6a-a2f5-333f692f78d8,dining_06,control,between,0.258197823084901,0.7199927518311567
284,37,0.05681720847940645,7,4479-3f10bccf-ef14-4c6a-a2f5-333f692f78d8,waiting_01,repeated,between,0.258197823084901,0.20138061460549456
285,38,0.04037243073288527,7,4479-3f10bccf-ef14-4c6a-a2f5-333f692f78d8,waiting_05,repeated,between,0.258197823084901,0.21782539235201576
286,39,-0.7293233862323479,7,4479-3f10bccf-ef14-4c6a-a2f5-333f692f78d8,dining_03,control,between,0.258197823084901,0.987521209317249
287,40,0.07245980194560997,7,4479-3f10bccf-ef14-4c6a-a2f5-333f692f78d8,dining_04,control,between,0.258197823084901,0.18573802113929105
288,1,1.810121146233399,0,4481-5fed0014-1615-4591-a71b-a636861ff34f,dining_01,control,between,0.5773489358593717,-1.2327722103740273
289,2,1.2476120763471064,0,4481-5fed0014-1615-4591-a71b-a636861ff34f,waiting_02,repeated,between,-1.732046807578115,-2.9796588839252216
290,3,1.2773813844946216,0,4481-5fed0014-1615-4591-a71b-a636861ff34f,dining_04,control,between,0.5773489358593717,-0.7000324486352498
291,4,0.8733693453497705,0,4481-5fed0014-1615-4591-a71b-a636861ff34f,waiting_00,repeated,between,0.5773489358593717,-0.29602040949039876
292,5,1.3629272535119321,0,4481-5fed0014-1615-4591-a71b-a636861ff34f,dining_06,control,between,-1.732046807578115,-3.0949740610900474
293,6,-0.7071846361306737,0,4481-5fed0014-1615-4591-a71b-a636861ff34f,waiting_03,repeated,between,0.5773489358593717,1.2845335719900455
294,7,-0.7933847756567209,0,4481-5fed0014-1615-4591-a71b-a636861ff34f,waiting_07,repeated,between,0.5773489358593717,1.3707337115160927
295,8,-0.5961222172726356,0,4481-5fed0014-1615-4591-a71b-a636861ff34f,dining_05,control,between,0.5773489358593717,1.1734711531320072
296,33,0.1894930960928381,7,4481-5fed0014-1615-4591-a71b-a636861ff34f,dining_05,control,between,0.5773489358593717,0.38785583976653365
297,34,-1.4790602688126788,7,4481-5fed0014-1615-4591-a71b-a636861ff34f,waiting_03,repeated,between,0.5773489358593717,2.0564092046720504
298,35,-1.1362225222347,7,4481-5fed0014-1615-4591-a71b-a636861ff34f,waiting_07,repeated,between,0.5773489358593717,1.7135714580940717
299,36,-0.6211480642318107,7,4481-5fed0014-1615-4591-a71b-a636861ff34f,dining_01,control,between,-1.732046807578115,-1.1108987433463042
300,37,0.22891289424421826,7,4481-5fed0014-1615-4591-a71b-a636861ff34f,dining_04,control,between,0.5773489358593717,0.3484360416151535
301,38,-0.4152164216069656,7,4481-5fed0014-1615-4591-a71b-a636861ff34f,dining_06,control,between,-1.732046807578115,-1.3168303859711494
302,39,-0.10394722707552756,7,4481-5fed0014-1615-4591-a71b-a636861ff34f,waiting_00,repeated,between,0.5773489358593717,0.6812961629348993
303,40,-1.1375310632521731,7,4481-5fed0014-1615-4591-a71b-a636861ff34f,waiting_02,repeated,between,0.5773489358593717,1.7148799991115449
304,1,1.892970050897921,0,4485-b6b989b0-c8f7-4a76-b133-3f2c4301e9f1,dining_06,repeated,between,0.5773489358593717,-1.3156211150385493
305,2,0.6712191560210272,0,4485-b6b989b0-c8f7-4a76-b133-3f2c4301e9f1,dining_01,repeated,between,0.5773489358593717,-0.09387022016165547
306,3,0.31547951189629386,0,4485-b6b989b0-c8f7-4a76-b133-3f2c4301e9f1,waiting_00,control,between,-1.732046807578115,-2.047526319474409
307,4,1.1716349335117,0,4485-b6b989b0-c8f7-4a76-b133-3f2c4301e9f1,dining_03,repeated,between,-1.732046807578115,-2.903681741089815
308,5,0.645556808457403,0,4485-b6b989b0-c8f7-4a76-b133-3f2c4301e9f1,waiting_02,control,between,-1.732046807578115,-2.3776036160355183
309,6,0.2827507208006571,0,4485-b6b989b0-c8f7-4a76-b133-3f2c4301e9f1,waiting_05,control,between,0.5773489358593717,0.29459821505871464
310,7,-0.4207323287152163,0,4485-b6b989b0-c8f7-4a76-b133-3f2c4301e9f1,waiting_07,control,between,0.5773489358593717,0.998081264574588
311,8,1.0277026363070254,0,4485-b6b989b0-c8f7-4a76-b133-3f2c4301e9f1,dining_04,repeated,between,-1.732046807578115,-2.7597494438851404
312,33,-1.246018549638147,7,4485-b6b989b0-c8f7-4a76-b133-3f2c4301e9f1,dining_03,repeated,between,0.5773489358593717,1.8233674854975188
313,34,-0.740581878058939,7,4485-b6b989b0-c8f7-4a76-b133-3f2c4301e9f1,dining_04,repeated,between,0.5773489358593717,1.3179308139183108
314,35,-1.1108263273283294,7,4485-b6b989b0-c8f7-4a76-b133-3f2c4301e9f1,dining_01,repeated,between,0.5773489358593717,1.6881752631877012
315,36,-1.7908785377643721,7,4485-b6b989b0-c8f7-4a76-b133-3f2c4301e9f1,dining_06,repeated,between,0.5773489358593717,2.368227473623744
316,37,0.7638267580984538,7,4485-b6b989b0-c8f7-4a76-b133-3f2c4301e9f1,waiting_05,control,between,0.5773489358593717,-0.18647782223908205
317,38,-0.5499738617349182,7,4485-b6b989b0-c8f7-4a76-b133-3f2c4301e9f1,waiting_02,control,between,0.5773489358593717,1.12732279759429
318,39,0.22212807365760262,7,4485-b6b989b0-c8f7-4a76-b133-3f2c4301e9f1,waiting_00,control,between,0.5773489358593717,0.3552208622017691
319,40,-1.1342571664081604,7,4485-b6b989b0-c8f7-4a76-b133-3f2c4301e9f1,waiting_07,control,between,0.5773489358593717,1.7116061022675322
320,1,0.682387465293079,0,5598-e6b25d85-7c51-49f0-9529-c4c42d15b233,waiting_07,repeated,between,0.258197823084901,-0.424189642208178
321,2,1.2837209166098928,0,5598-e6b25d85-7c51-49f0-9529-c4c42d15b233,dining_06,control,between,0.258197823084901,-1.025523093524992
322,3,-0.251591137994943,0,5598-e6b25d85-7c51-49f0-9529-c4c42d15b233,waiting_01,repeated,between,0.258197823084901,0.5097889610798441
323,4,-1.1462918915726763,0,5598-e6b25d85-7c51-49f0-9529-c4c42d15b233,dining_03,control,between,0.258197823084901,1.4044897146575774
324,5,-0.46814069878706727,0,5598-e6b25d85-7c51-49f0-9529-c4c42d15b233,dining_05,control,between,0.258197823084901,0.7263385218719682
325,6,-0.5769368665686642,0,5598-e6b25d85-7c51-49f0-9529-c4c42d15b233,waiting_00,repeated,between,-3.8729673462735152,-3.296030479704851
326,7,2.7067608875295663,0,5598-e6b25d85-7c51-49f0-9529-c4c42d15b233,waiting_02,repeated,between,0.258197823084901,-2.448563064444665
327,8,1.2023844844664626,0,5598-e6b25d85-7c51-49f0-9529-c4c42d15b233,dining_04,control,between,0.258197823084901,-0.9441866613815616
328,33,-0.6433268603267635,7,5598-e6b25d85-7c51-49f0-9529-c4c42d15b233,dining_05,control,between,0.258197823084901,0.9015246834116645
329,34,0.1738609686014614,7,5598-e6b25d85-7c51-49f0-9529-c4c42d15b233,waiting_00,repeated,between,0.258197823084901,0.08433685448343961
330,35,-0.7785399889754572,7,5598-e6b25d85-7c51-49f0-9529-c4c42d15b233,waiting_02,repeated,between,0.258197823084901,1.036737812060358
331,36,-0.4121784527396645,7,5598-e6b25d85-7c51-49f0-9529-c4c42d15b233,dining_06,control,between,0.258197823084901,0.6703762758245655
332,37,-0.08509476621416041,7,5598-e6b25d85-7c51-49f0-9529-c4c42d15b233,waiting_07,repeated,between,0.258197823084901,0.3432925892990614
333,38,-0.596054404038274,7,5598-e6b25d85-7c51-49f0-9529-c4c42d15b233,waiting_01,repeated,between,0.258197823084901,0.8542522271231751
334,39,-1.2550880593542733,7,5598-e6b25d85-7c51-49f0-9529-c4c42d15b233,dining_03,control,between,0.258197823084901,1.5132858824391744
335,40,0.16412840407147844,7,5598-e6b25d85-7c51-49f0-9529-c4c42d15b233,dining_04,control,between,0.258197823084901,0.09406941901342258
336,1,-0.21203102413919353,0,5892-835639bc-f58d-4232-b93b-1a54fc5f89a4,waiting_01,repeated,between,0.7745950692447884,0.9866260933839819
337,2,1.1434618673911594,0,5892-835639bc-f58d-4232-b93b-1a54fc5f89a4,waiting_04,repeated,between,-1.2909917820746473,-2.434453649465807
338,3,1.7108590672366621,0,5892-835639bc-f58d-4232-b93b-1a54fc5f89a4,dining_05,control,between,0.7745950692447884,-0.9362639979918738
339,4,-0.6383713782130489,0,5892-835639bc-f58d-4232-b93b-1a54fc5f89a4,dining_02,control,between,0.7745950692447884,1.4129664474578374
340,5,-0.2298612434080815,0,5892-835639bc-f58d-4232-b93b-1a54fc5f89a4,waiting_03,repeated,between,0.7745950692447884,1.0044563126528698
341,6,0.7369328680605128,0,5892-835639bc-f58d-4232-b93b-1a54fc5f89a4,dining_06,control,between,-1.2909917820746473,-2.02792465013516
342,7,-1.5045238075861418,0,5892-835639bc-f58d-4232-b93b-1a54fc5f89a4,waiting_07,repeated,between,0.7745950692447884,2.27911887683093
343,8,0.7258385094043157,0,5892-835639bc-f58d-4232-b93b-1a54fc5f89a4,dining_00,control,between,-1.2909917820746473,-2.016830291478963
344,33,0.6699704890284666,7,5892-835639bc-f58d-4232-b93b-1a54fc5f89a4,dining_05,control,between,-1.2909917820746473,-1.9609622711031138
345,34,0.6636308555106397,7,5892-835639bc-f58d-4232-b93b-1a54fc5f89a4,dining_06,control,between,0.7745950692447884,0.11096421373414866
346,35,-1.5017502179220927,7,5892-835639bc-f58d-4232-b93b-1a54fc5f89a4,waiting_07,repeated,between,0.7745950692447884,2.276345287166881
347,36,1.4945190734408211,7,5892-835639bc-f58d-4232-b93b-1a54fc5f89a4,dining_00,control,between,-1.2909917820746473,-2.7855108555154686
348,37,-0.5016730304849074,7,5892-835639bc-f58d-4232-b93b-1a54fc5f89a4,waiting_04,repeated,between,-1.2909917820746473,-0.7893187515897399
349,38,-0.8844284041237034,7,5892-835639bc-f58d-4232-b93b-1a54fc5f89a4,waiting_03,repeated,between,0.7745950692447884,1.6590234733684919
350,39,-0.5955788519677176,7,5892-835639bc-f58d-4232-b93b-1a54fc5f89a4,dining_02,control,between,0.7745950692447884,1.3701739212125061
351,40,-1.076994772227694,7,5892-835639bc-f58d-4232-b93b-1a54fc5f89a4,waiting_01,repeated,between,0.7745950692447884,1.8515898414724825
352,1,2.107309838291239,0,6333-9ef157b9-68ab-438e-bb27-f588abc2c906,dining_07,repeated,between,0.37796333015554007,-1.729346508135699
353,2,-0.8727886059999841,0,6333-9ef157b9-68ab-438e-bb27-f588abc2c906,dining_03,repeated,between,0.37796333015554007,1.2507519361555242
354,3,-0.5758645597708556,0,6333-9ef157b9-68ab-438e-bb27-f588abc2c906,waiting_04,control,between,0.37796333015554007,0.9538278899263957
355,4,0.4769420795310183,0,6333-9ef157b9-68ab-438e-bb27-f588abc2c906,waiting_02,control,between,0.37796333015554007,-0.09897874937547824
356,5,1.1115076044890502,0,6333-9ef157b9-68ab-438e-bb27-f588abc2c906,dining_00,repeated,between,-2.6457433110887805,-3.7572509155778304
357,6,0.1672807851865757,0,6333-9ef157b9-68ab-438e-bb27-f588abc2c906,waiting_01,control,between,0.37796333015554007,0.21068254496896438
358,7,1.2006683412962496,0,6333-9ef157b9-68ab-438e-bb27-f588abc2c906,waiting_06,control,between,0.37796333015554007,-0.8227050111407095
359,8,-0.20773720850365934,0,6333-9ef157b9-68ab-438e-bb27-f588abc2c906,dining_05,repeated,between,0.37796333015554007,0.5857005386591994
360,33,-0.44640400515618667,7,6333-9ef157b9-68ab-438e-bb27-f588abc2c906,waiting_01,control,between,0.37796333015554007,0.8243673353117267
361,34,0.09211014057160662,7,6333-9ef157b9-68ab-438e-bb27-f588abc2c906,dining_05,repeated,between,-2.6457433110887805,-2.737853451660387
362,35,-1.8917684552251217,7,6333-9ef157b9-68ab-438e-bb27-f588abc2c906,dining_03,repeated,between,0.37796333015554007,2.269731785380662
363,36,0.3453934514548221,7,6333-9ef157b9-68ab-438e-bb27-f588abc2c906,waiting_02,control,between,0.37796333015554007,0.03256987870071798
364,37,-0.7867599793850749,7,6333-9ef157b9-68ab-438e-bb27-f588abc2c906,waiting_06,control,between,0.37796333015554007,1.1647233095406149
365,38,0.4230697842236235,7,6333-9ef157b9-68ab-438e-bb27-f588abc2c906,waiting_04,control,between,0.37796333015554007,-0.045106454068083446
366,39,-1.6042407395728648,7,6333-9ef157b9-68ab-438e-bb27-f588abc2c906,dining_07,repeated,between,0.37796333015554007,1.982204069728405
367,40,0.46128152856956656,7,6333-9ef157b9-68ab-438e-bb27-f588abc2c906,dining_00,repeated,between,0.37796333015554007,-0.08331819841402649
368,1,0.35708080086497895,0,6378-75ca9ee2-ed38-4434-b0bc-00c039f29b57,dining_07,control,between,0.37796333015554007,0.020882529290561114
369,2,1.6032864410385717,0,6378-75ca9ee2-ed38-4434-b0bc-00c039f29b57,dining_04,control,between,-2.6457433110887805,-4.249029752127353
370,3,0.5489561264345412,0,6378-75ca9ee2-ed38-4434-b0bc-00c039f29b57,waiting_01,repeated,between,0.37796333015554007,-0.1709927962790011
371,4,-1.6982811267959808,0,6378-75ca9ee2-ed38-4434-b0bc-00c039f29b57,waiting_03,repeated,between,0.37796333015554007,2.076244456951521
372,5,1.0324163484679338,0,6378-75ca9ee2-ed38-4434-b0bc-00c039f29b57,dining_00,control,between,0.37796333015554007,-0.6544530183123938
373,6,0.16454949127637564,0,6378-75ca9ee2-ed38-4434-b0bc-00c039f29b57,waiting_06,repeated,between,0.37796333015554007,0.21341383887916443
374,7,-1.0094979068026806,0,6378-75ca9ee2-ed38-4434-b0bc-00c039f29b57,dining_02,control,between,0.37796333015554007,1.3874612369582207
375,8,-1.0113018628550439,0,6378-75ca9ee2-ed38-4434-b0bc-00c039f29b57,waiting_05,repeated,between,-2.6457433110887805,-1.6344414482337366
376,33,-1.3166624237187403,7,6378-75ca9ee2-ed38-4434-b0bc-00c039f29b57,dining_02,control,between,0.37796333015554007,1.6946257538742804
377,34,-1.059024700240294,7,6378-75ca9ee2-ed38-4434-b0bc-00c039f29b57,waiting_01,repeated,between,0.37796333015554007,1.436988030395834
378,35,-0.8269703535044559,7,6378-75ca9ee2-ed38-4434-b0bc-00c039f29b57,waiting_03,repeated,between,0.37796333015554007,1.204933683659996
379,36,1.217403841837563,7,6378-75ca9ee2-ed38-4434-b0bc-00c039f29b57,dining_00,control,between,0.37796333015554007,-0.8394405116820229
380,37,0.5894631396103376,7,6378-75ca9ee2-ed38-4434-b0bc-00c039f29b57,waiting_05,repeated,between,0.37796333015554007,-0.21149980945479752
381,38,-0.1642624982680449,7,6378-75ca9ee2-ed38-4434-b0bc-00c039f29b57,waiting_06,repeated,between,0.37796333015554007,0.542225828423585
382,39,1.2042841614567386,7,6378-75ca9ee2-ed38-4434-b0bc-00c039f29b57,dining_04,control,between,0.37796333015554007,-0.8263208313011985
383,40,0.3685605211982007,7,6378-75ca9ee2-ed38-4434-b0bc-00c039f29b57,dining_07,control,between,0.37796333015554007,0.00940280895733936
384,1,2.0614676611781833,0,6540-741a0240-208a-46d6-8181-5858614f27c0,dining_07,control,between,-1.2909917820746473,-3.3524594432528305
385,2,1.3124433848317927,0,6540-741a0240-208a-46d6-8181-5858614f27c0,waiting_03,repeated,between,-1.2909917820746473,-2.60343516690644
386,3,1.2494551534546978,0,6540-741a0240-208a-46d6-8181-5858614f27c0,dining_04,control,between,-1.2909917820746473,-2.540446935529345
387,4,1.1033446226063641,0,6540-741a0240-208a-46d6-8181-5858614f27c0,waiting_06,repeated,between,-1.2909917820746473,-2.3943364046810114
388,5,0.1380176514137039,0,6540-741a0240-208a-46d6-8181-5858614f27c0,dining_05,control,between,0.7745950692447884,0.6365774178310845
389,6,-0.010863622750338399,0,6540-741a0240-208a-46d6-8181-5858614f27c0,waiting_01,repeated,between,0.7745950692447884,0.7854586919951267
390,7,-0.5810825971230406,0,6540-741a0240-208a-46d6-8181-5858614f27c0,waiting_02,repeated,between,0.7745950692447884,1.355677666367829
391,8,0.19454081505414653,0,6540-741a0240-208a-46d6-8181-5858614f27c0,dining_00,control,between,-1.2909917820746473,-1.4855325971287938
392,33,-0.37900305129740536,7,6540-741a0240-208a-46d6-8181-5858614f27c0,waiting_06,repeated,between,0.7745950692447884,1.1535981205421937
393,34,-1.1293203411911261,7,6540-741a0240-208a-46d6-8181-5858614f27c0,waiting_03,repeated,between,0.7745950692447884,1.9039154104359146
394,35,-1.8655991982852602,7,6540-741a0240-208a-46d6-8181-5858614f27c0,waiting_02,repeated,between,0.7745950692447884,2.6401942675300485
395,36,0.4379967943943546,7,6540-741a0240-208a-46d6-8181-5858614f27c0,dining_04,control,between,0.7745950692447884,0.33659827485043375
396,37,-0.8479975365362427,7,6540-741a0240-208a-46d6-8181-5858614f27c0,dining_05,control,between,0.7745950692447884,1.6225926057810311
397,38,-0.40172314648621066,7,6540-741a0240-208a-46d6-8181-5858614f27c0,dining_07,control,between,-1.2909917820746473,-0.8892686355884366
398,39,-0.46545024274749436,7,6540-741a0240-208a-46d6-8181-5858614f27c0,dining_00,control,between,0.7745950692447884,1.2400453119922827
399,40,-0.8162263465161245,7,6540-741a0240-208a-46d6-8181-5858614f27c0,waiting_01,repeated,between,0.7745950692447884,1.5908214157609128
400,1,-0.30278439941699836,0,6725-7351d615-c816-4608-8554-afecf47c4b42,dining_03,repeated,between,0.0,0.30278439941699836
401,2,-0.5910582576608111,0,6725-7351d615-c816-4608-8554-afecf47c4b42,waiting_01,control,between,0.0,0.5910582576608111
402,3,0.7554665296874894,0,6725-7351d615-c816-4608-8554-afecf47c4b42,dining_04,repeated,between,0.0,-0.7554665296874894
403,4,-0.5456397628494597,0,6725-7351d615-c816-4608-8554-afecf47c4b42,dining_06,repeated,between,0.0,0.5456397628494597
404,5,1.4893759723156208,0,6725-7351d615-c816-4608-8554-afecf47c4b42,waiting_00,control,between,0.0,-1.4893759723156208
405,6,2.4081654055876065,0,6725-7351d615-c816-4608-8554-afecf47c4b42,dining_07,repeated,between,0.0,-2.4081654055876065
406,7,0.3843707103170948,0,6725-7351d615-c816-4608-8554-afecf47c4b42,waiting_05,control,between,0.0,-0.3843707103170948
407,8,1.5636485697130074,0,6725-7351d615-c816-4608-8554-afecf47c4b42,waiting_02,control,between,0.0,-1.5636485697130074
408,33,-0.24133584761340518,7,6725-7351d615-c816-4608-8554-afecf47c4b42,waiting_00,control,between,0.0,0.24133584761340518
409,34,-1.0839825101722425,7,6725-7351d615-c816-4608-8554-afecf47c4b42,waiting_02,control,between,0.0,1.0839825101722425
410,35,-0.3404550333487663,7,6725-7351d615-c816-4608-8554-afecf47c4b42,dining_04,repeated,between,0.0,0.3404550333487663
411,36,-0.8670424055439054,7,6725-7351d615-c816-4608-8554-afecf47c4b42,dining_03,repeated,between,0.0,0.8670424055439054
412,37,-0.8288374363790628,7,6725-7351d615-c816-4608-8554-afecf47c4b42,dining_06,repeated,between,0.0,0.8288374363790628
413,38,-0.8226925811987034,7,6725-7351d615-c816-4608-8554-afecf47c4b42,waiting_05,control,between,0.0,0.8226925811987034
414,39,-0.22584012585423827,7,6725-7351d615-c816-4608-8554-afecf47c4b42,dining_07,repeated,between,0.0,0.22584012585423827
415,40,-0.751358827583228,7,6725-7351d615-c816-4608-8554-afecf47c4b42,waiting_01,control,between,0.0,0.751358827583228
416,1,2.2772787562672674,0,7940-e30c3a20-dd99-4efc-ae92-f650a7f1d6e6,dining_00,control,between,-2.6457433110887805,-4.923022067356047
417,2,2.109248168723154,0,7940-e30c3a20-dd99-4efc-ae92-f650a7f1d6e6,dining_07,control,between,0.37796333015554007,-1.731284838567614
418,3,0.2757691471628589,0,7940-e30c3a20-dd99-4efc-ae92-f650a7f1d6e6,dining_05,control,between,0.37796333015554007,0.10219418299268118
419,4,0.08934363214023217,0,7940-e30c3a20-dd99-4efc-ae92-f650a7f1d6e6,waiting_01,repeated,between,0.37796333015554007,0.2886196980153079
420,5,-0.7844154230891582,0,7940-e30c3a20-dd99-4efc-ae92-f650a7f1d6e6,waiting_03,repeated,between,0.37796333015554007,1.1623787532446983
421,6,0.9330340559143598,0,7940-e30c3a20-dd99-4efc-ae92-f650a7f1d6e6,waiting_02,repeated,between,0.37796333015554007,-0.5550707257588198
422,7,0.6281027580974633,0,7940-e30c3a20-dd99-4efc-ae92-f650a7f1d6e6,dining_04,control,between,0.37796333015554007,-0.25013942794192323
423,8,-0.27254119113898506,0,7940-e30c3a20-dd99-4efc-ae92-f650a7f1d6e6,waiting_06,repeated,between,-2.6457433110887805,-2.3732021199497955
424,33,-0.4745316447972775,7,7940-e30c3a20-dd99-4efc-ae92-f650a7f1d6e6,waiting_06,repeated,between,0.37796333015554007,0.8524949749528176
425,34,-0.3871557392743382,7,7940-e30c3a20-dd99-4efc-ae92-f650a7f1d6e6,dining_05,control,between,0.37796333015554007,0.7651190694298783
426,35,-0.31782101262455675,7,7940-e30c3a20-dd99-4efc-ae92-f650a7f1d6e6,waiting_03,repeated,between,0.37796333015554007,0.6957843427800968
427,36,-0.4996477957775554,7,7940-e30c3a20-dd99-4efc-ae92-f650a7f1d6e6,dining_07,control,between,0.37796333015554007,0.8776111259330954
428,37,-0.5031852818311157,7,7940-e30c3a20-dd99-4efc-ae92-f650a7f1d6e6,dining_04,control,between,0.37796333015554007,0.8811486119866557
429,38,-0.6768758470609254,7,7940-e30c3a20-dd99-4efc-ae92-f650a7f1d6e6,dining_00,control,between,0.37796333015554007,1.0548391772164654
430,39,-1.291690923169703,7,7940-e30c3a20-dd99-4efc-ae92-f650a7f1d6e6,waiting_01,repeated,between,0.37796333015554007,1.669654253325243
431,40,-1.10491165954172,7,7940-e30c3a20-dd99-4efc-ae92-f650a7f1d6e6,waiting_02,repeated,between,0.37796333015554007,1.4828749896972602
432,1,1.3684240469808573,0,8705-4970135a-e63c-4cd1-953f-d5850978a781,waiting_03,control,between,0.258197823084901,-1.1102262238959564
433,2,1.98306175779756,0,8705-4970135a-e63c-4cd1-953f-d5850978a781,dining_05,repeated,between,0.258197823084901,-1.7248639347126589
434,3,1.357081251856212,0,8705-4970135a-e63c-4cd1-953f-d5850978a781,waiting_06,control,between,0.258197823084901,-1.0988834287713112
435,4,0.5878979574662208,0,8705-4970135a-e63c-4cd1-953f-d5850978a781,dining_07,repeated,between,0.258197823084901,-0.32970013438131973
436,5,-0.46450075269225116,0,8705-4970135a-e63c-4cd1-953f-d5850978a781,waiting_04,control,between,0.258197823084901,0.7226985757771522
437,6,0.7998664413580251,0,8705-4970135a-e63c-4cd1-953f-d5850978a781,dining_01,repeated,between,0.258197823084901,-0.5416686182731241
438,7,0.8484277829854119,0,8705-4970135a-e63c-4cd1-953f-d5850978a781,dining_02,repeated,between,0.258197823084901,-0.5902299599005109
439,8,-0.21247802351654418,0,8705-4970135a-e63c-4cd1-953f-d5850978a781,waiting_00,control,between,0.258197823084901,0.47067584660144524
440,33,-0.9104143860298591,7,8705-4970135a-e63c-4cd1-953f-d5850978a781,waiting_03,control,between,0.258197823084901,1.1686122091147602
441,34,-1.09260803271947,7,8705-4970135a-e63c-4cd1-953f-d5850978a781,dining_07,repeated,between,0.258197823084901,1.3508058558043712
442,35,-1.550218923529368,7,8705-4970135a-e63c-4cd1-953f-d5850978a781,waiting_00,control,between,0.258197823084901,1.8084167466142689
443,36,-0.4152304863695745,7,8705-4970135a-e63c-4cd1-953f-d5850978a781,waiting_06,control,between,0.258197823084901,0.6734283094544755
444,37,-0.6183374115702491,7,8705-4970135a-e63c-4cd1-953f-d5850978a781,dining_01,repeated,between,-3.8729673462735152,-3.2546299347032663
445,38,-0.04729856951390111,7,8705-4970135a-e63c-4cd1-953f-d5850978a781,waiting_04,control,between,0.258197823084901,0.3054963925988021
446,39,-1.0036379834605353,7,8705-4970135a-e63c-4cd1-953f-d5850978a781,dining_02,repeated,between,0.258197823084901,1.2618358065454363
447,40,-0.6300346690425398,7,8705-4970135a-e63c-4cd1-953f-d5850978a781,dining_05,repeated,between,0.258197823084901,0.8882324921274408
448,1,2.1032162886333596,0,9289-9e66fe1c-fc3d-4fc3-868f-ac6a2c7def6e,dining_04,control,between,0.258197823084901,-1.8450184655484585
449,2,0.6369068498390753,0,9289-9e66fe1c-fc3d-4fc3-868f-ac6a2c7def6e,dining_02,control,between,0.258197823084901,-0.3787090267541743
450,3,0.873050869923969,0,9289-9e66fe1c-fc3d-4fc3-868f-ac6a2c7def6e,waiting_01,repeated,between,0.258197823084901,-0.6148530468390679
451,4,1.7860842472197114,0,9289-9e66fe1c-fc3d-4fc3-868f-ac6a2c7def6e,waiting_05,repeated,between,-3.8729673462735152,-5.659051593493227
452,5,-0.28891410977173415,0,9289-9e66fe1c-fc3d-4fc3-868f-ac6a2c7def6e,waiting_00,repeated,between,0.258197823084901,0.5471119328566352
453,6,0.21900865978270428,0,9289-9e66fe1c-fc3d-4fc3-868f-ac6a2c7def6e,dining_07,control,between,0.258197823084901,0.03918916330219674
454,7,0.11227497272628326,0,9289-9e66fe1c-fc3d-4fc3-868f-ac6a2c7def6e,dining_06,control,between,0.258197823084901,0.14592285035861777
455,8,-0.8166150066401422,0,9289-9e66fe1c-fc3d-4fc3-868f-ac6a2c7def6e,waiting_03,repeated,between,0.258197823084901,1.0748128297250432
456,33,-0.43503355035855973,7,9289-9e66fe1c-fc3d-4fc3-868f-ac6a2c7def6e,dining_04,control,between,0.258197823084901,0.6932313734434608
457,34,-0.5562598307053895,7,9289-9e66fe1c-fc3d-4fc3-868f-ac6a2c7def6e,waiting_01,repeated,between,0.258197823084901,0.8144576537902906
458,35,-1.5316966096986568,7,9289-9e66fe1c-fc3d-4fc3-868f-ac6a2c7def6e,waiting_00,repeated,between,0.258197823084901,1.7898944327835578
459,36,-0.09130333772957443,7,9289-9e66fe1c-fc3d-4fc3-868f-ac6a2c7def6e,waiting_05,repeated,between,0.258197823084901,0.34950116081447546
460,37,-0.2034930599070905,7,9289-9e66fe1c-fc3d-4fc3-868f-ac6a2c7def6e,dining_07,control,between,0.258197823084901,0.4616908829919915
461,38,-1.8713347959868214,7,9289-9e66fe1c-fc3d-4fc3-868f-ac6a2c7def6e,waiting_03,repeated,between,0.258197823084901,2.1295326190717225
462,39,-0.0355494788358845,7,9289-9e66fe1c-fc3d-4fc3-868f-ac6a2c7def6e,dining_02,control,between,0.258197823084901,0.2937473019207855
463,40,0.09965789150875108,7,9289-9e66fe1c-fc3d-4fc3-868f-ac6a2c7def6e,dining_06,control,between,0.258197823084901,0.15853993157614993
464,1,-0.9388842022842535,0,9329-3901b756-7cdb-4061-b8b3-41e6e2be20fd,dining_02,control,between,0.0,0.9388842022842535
465,2,0.2552177290601828,0,9329-3901b756-7cdb-4061-b8b3-41e6e2be20fd,waiting_04,repeated,between,0.0,-0.2552177290601828
466,3,0.6295793371027464,0,9329-3901b756-7cdb-4061-b8b3-41e6e2be20fd,dining_01,control,between,0.0,-0.6295793371027464
467,4,1.913467182571212,0,9329-3901b756-7cdb-4061-b8b3-41e6e2be20fd,waiting_05,repeated,between,0.0,-1.913467182571212
468,5,-0.09758511429158245,0,9329-3901b756-7cdb-4061-b8b3-41e6e2be20fd,dining_00,control,between,0.0,0.09758511429158245
469,6,1.4744292804562547,0,9329-3901b756-7cdb-4061-b8b3-41e6e2be20fd,dining_06,control,between,0.0,-1.4744292804562547
470,7,-1.4834332351212343,0,9329-3901b756-7cdb-4061-b8b3-41e6e2be20fd,waiting_07,repeated,between,0.0,1.4834332351212343
471,8,0.37417138364823294,0,9329-3901b756-7cdb-4061-b8b3-41e6e2be20fd,waiting_03,repeated,between,0.0,-0.37417138364823294
472,33,0.47258080364858196,7,9329-3901b756-7cdb-4061-b8b3-41e6e2be20fd,dining_06,control,between,0.0,-0.47258080364858196
473,34,0.100248255812211,7,9329-3901b756-7cdb-4061-b8b3-41e6e2be20fd,waiting_05,repeated,between,0.0,-0.100248255812211
474,35,-0.8840995767170491,7,9329-3901b756-7cdb-4061-b8b3-41e6e2be20fd,dining_00,control,between,0.0,0.8840995767170491
475,36,-0.24215565398281633,7,9329-3901b756-7cdb-4061-b8b3-41e6e2be20fd,waiting_03,repeated,between,0.0,0.24215565398281633
476,37,-1.728695887544783,7,9329-3901b756-7cdb-4061-b8b3-41e6e2be20fd,waiting_07,repeated,between,0.0,1.728695887544783
477,38,0.9963319693720867,7,9329-3901b756-7cdb-4061-b8b3-41e6e2be20fd,dining_01,control,between,0.0,-0.9963319693720867
478,39,0.30848055947274283,7,9329-3901b756-7cdb-4061-b8b3-41e6e2be20fd,waiting_04,repeated,between,0.0,-0.30848055947274283
479,40,-1.1496528312025258,7,9329-3901b756-7cdb-4061-b8b3-41e6e2be20fd,dining_02,control,between,0.0,1.1496528312025258
480,1,1.0814104393457833,0,9338-3d6dc953-6aca-48c1-b949-4e5491d3b967,waiting_05,control,between,0.4803832306491839,-0.6010272086965993
481,2,1.2382893479708716,0,9338-3d6dc953-6aca-48c1-b949-4e5491d3b967,waiting_02,control,between,0.4803832306491839,-0.7579061173216877
482,3,2.471749767035628,0,9338-3d6dc953-6aca-48c1-b949-4e5491d3b967,dining_03,repeated,between,0.4803832306491839,-1.991366536386444
483,4,-0.05556945091454286,0,9338-3d6dc953-6aca-48c1-b949-4e5491d3b967,waiting_04,control,between,-2.0816606661464636,-2.026091215231921
484,5,0.7964791215554671,0,9338-3d6dc953-6aca-48c1-b949-4e5491d3b967,dining_01,repeated,between,-2.0816606661464636,-2.878139787701931
485,6,0.33525513019770814,0,9338-3d6dc953-6aca-48c1-b949-4e5491d3b967,dining_00,repeated,between,0.4803832306491839,0.14512810045147578
486,7,-0.43874618523132086,0,9338-3d6dc953-6aca-48c1-b949-4e5491d3b967,waiting_07,control,between,0.4803832306491839,0.9191294158805048
487,8,0.43271615218104414,0,9338-3d6dc953-6aca-48c1-b949-4e5491d3b967,dining_06,repeated,between,0.4803832306491839,0.04766707846813978
488,33,-0.38874103310707386,7,9338-3d6dc953-6aca-48c1-b949-4e5491d3b967,dining_01,repeated,between,0.4803832306491839,0.8691242637562577
489,34,-0.7762319374110418,7,9338-3d6dc953-6aca-48c1-b949-4e5491d3b967,dining_03,repeated,between,0.4803832306491839,1.2566151680602258
490,35,-0.37109215588675143,7,9338-3d6dc953-6aca-48c1-b949-4e5491d3b967,dining_06,repeated,between,0.4803832306491839,0.8514753865359354
491,36,-1.0978337000924725,7,9338-3d6dc953-6aca-48c1-b949-4e5491d3b967,waiting_05,control,between,0.4803832306491839,1.5782169307416565
492,37,-0.7321097443602355,7,9338-3d6dc953-6aca-48c1-b949-4e5491d3b967,waiting_04,control,between,-2.0816606661464636,-1.349550921786228
493,38,-1.120973339114673,7,9338-3d6dc953-6aca-48c1-b949-4e5491d3b967,waiting_07,control,between,0.4803832306491839,1.601356569763857
494,39,0.09503430136554193,7,9338-3d6dc953-6aca-48c1-b949-4e5491d3b967,waiting_02,control,between,0.4803832306491839,0.385348929283642
495,40,-1.4696367135339314,7,9338-3d6dc953-6aca-48c1-b949-4e5491d3b967,dining_00,repeated,between,0.4803832306491839,1.9500199441831154
496,1,1.288252959250054,0,9662-69da656f-884a-416f-a492-59c9f6a13a34,waiting_04,control,between,0.8819153259140028,-0.4063376333360512
497,2,-1.8627295183156307,0,9662-69da656f-884a-416f-a492-59c9f6a13a34,dining_00,repeated,between,-1.1338911333180035,0.7288383849976272
498,3,-0.872537682589803,0,9662-69da656f-884a-416f-a492-59c9f6a13a34,waiting_05,control,between,-1.1338911333180035,-0.2613534507282005
499,4,0.4151839734097625,0,9662-69da656f-884a-416f-a492-59c9f6a13a34,waiting_01,control,between,-1.1338911333180035,-1.549075106727766
500,5,-0.499129886986995,0,9662-69da656f-884a-416f-a492-59c9f6a13a34,dining_06,repeated,between,0.8819153259140028,1.3810452129009978
501,6,0.06161149915853668,0,9662-69da656f-884a-416f-a492-59c9f6a13a34,dining_03,repeated,between,-1.1338911333180035,-1.19550263247654
502,7,1.4195438958152915,0,9662-69da656f-884a-416f-a492-59c9f6a13a34,dining_02,repeated,between,-1.1338911333180035,-2.5534350291332952
503,8,0.1954212066890541,0,9662-69da656f-884a-416f-a492-59c9f6a13a34,waiting_07,control,between,-1.1338911333180035,-1.3293123400070577
504,33,-0.47268279185155176,7,9662-69da656f-884a-416f-a492-59c9f6a13a34,waiting_04,control,between,-1.1338911333180035,-0.6612083414664518
505,34,-0.5520240772578822,7,9662-69da656f-884a-416f-a492-59c9f6a13a34,dining_02,repeated,between,0.8819153259140028,1.4339394031718848
506,35,-1.4420947671138165,7,9662-69da656f-884a-416f-a492-59c9f6a13a34,waiting_07,control,between,0.8819153259140028,2.324010093027819
507,36,0.8830456802105823,7,9662-69da656f-884a-416f-a492-59c9f6a13a34,waiting_05,control,between,0.8819153259140028,-0.0011303542965794833
508,37,1.4271002087111326,7,9662-69da656f-884a-416f-a492-59c9f6a13a34,waiting_01,control,between,0.8819153259140028,-0.5451848827971298
509,38,1.210485905697024,7,9662-69da656f-884a-416f-a492-59c9f6a13a34,dining_03,repeated,between,0.8819153259140028,-0.3285705797830213
510,39,-0.4950368841684145,7,9662-69da656f-884a-416f-a492-59c9f6a13a34,dining_06,repeated,between,0.8819153259140028,1.3769522100824174
511,40,-0.7044097206573418,7,9662-69da656f-884a-416f-a492-59c9f6a13a34,dining_00,repeated,between,0.8819153259140028,1.5863250465713445
512,1,2.0182335616487057,0,9769-9f38f477-8dbd-4976-96fa-d359b0d05222,dining_05,repeated,between,-2.0816606661464636,-4.099894227795169
513,2,-0.6298322043657232,0,9769-9f38f477-8dbd-4976-96fa-d359b0d05222,waiting_07,control,between,0.4803832306491839,1.1102154350149072
514,3,-0.7358101759836465,0,9769-9f38f477-8dbd-4976-96fa-d359b0d05222,dining_03,repeated,between,0.4803832306491839,1.2161934066328304
515,4,0.19917563627996454,0,9769-9f38f477-8dbd-4976-96fa-d359b0d05222,dining_04,repeated,between,-2.0816606661464636,-2.280836302426428
516,5,0.4033838426873467,0,9769-9f38f477-8dbd-4976-96fa-d359b0d05222,waiting_01,control,between,0.4803832306491839,0.0769993879618372
517,6,1.2639360404203535,0,9769-9f38f477-8dbd-4976-96fa-d359b0d05222,waiting_00,control,between,-2.0816606661464636,-3.345596706566817
518,7,1.2722371870222797,0,9769-9f38f477-8dbd-4976-96fa-d359b0d05222,waiting_02,control,between,0.4803832306491839,-0.7918539563730957
519,8,0.14909205178167675,0,9769-9f38f477-8dbd-4976-96fa-d359b0d05222,dining_06,repeated,between,0.4803832306491839,0.33129117886750714
520,33,-0.7468783714528814,7,9769-9f38f477-8dbd-4976-96fa-d359b0d05222,dining_06,repeated,between,0.4803832306491839,1.2272616021020653
521,34,-1.453859357050255,7,9769-9f38f477-8dbd-4976-96fa-d359b0d05222,dining_03,repeated,between,0.4803832306491839,1.934242587699439
522,35,-1.2358159063063294,7,9769-9f38f477-8dbd-4976-96fa-d359b0d05222,dining_05,repeated,between,0.4803832306491839,1.7161991369555134
523,36,-0.17520607546690298,7,9769-9f38f477-8dbd-4976-96fa-d359b0d05222,dining_04,repeated,between,0.4803832306491839,0.6555893061160869
524,37,-0.5172133154662589,7,9769-9f38f477-8dbd-4976-96fa-d359b0d05222,waiting_07,control,between,0.4803832306491839,0.9975965461154428
525,38,0.6100823930753069,7,9769-9f38f477-8dbd-4976-96fa-d359b0d05222,waiting_02,control,between,0.4803832306491839,-0.12969916242612295
526,39,-1.3487115000925243,7,9769-9f38f477-8dbd-4976-96fa-d359b0d05222,waiting_01,control,between,0.4803832306491839,1.8290947307417083
527,40,0.9271861932688845,7,9769-9f38f477-8dbd-4976-96fa-d359b0d05222,waiting_00,control,between,0.4803832306491839,-0.4468029626197006
528,1,2.2563858287980127,0,9790-3a0dd9df-cae0-4f97-95b4-93bf1d0bfd09,dining_05,control,between,-1.732046807578115,-3.9884326363761278
529,2,2.379750324425747,0,9790-3a0dd9df-cae0-4f97-95b4-93bf1d0bfd09,dining_01,control,between,0.5773489358593717,-1.8024013885663754
530,3,-0.1644394957652985,0,9790-3a0dd9df-cae0-4f97-95b4-93bf1d0bfd09,waiting_06,repeated,between,0.5773489358593717,0.7417884316246702
531,4,-0.8123059999418684,0,9790-3a0dd9df-cae0-4f97-95b4-93bf1d0bfd09,waiting_07,repeated,between,0.5773489358593717,1.3896549358012402
532,5,-0.23707845865136565,0,9790-3a0dd9df-cae0-4f97-95b4-93bf1d0bfd09,dining_04,control,between,-1.732046807578115,-1.4949683489267493
533,6,-0.45479244517860007,0,9790-3a0dd9df-cae0-4f97-95b4-93bf1d0bfd09,dining_00,control,between,0.5773489358593717,1.0321413810379718
534,7,-0.04898818324526481,0,9790-3a0dd9df-cae0-4f97-95b4-93bf1d0bfd09,waiting_02,repeated,between,0.5773489358593717,0.6263371191046365
535,8,0.005592489984768809,0,9790-3a0dd9df-cae0-4f97-95b4-93bf1d0bfd09,waiting_03,repeated,between,0.5773489358593717,0.571756445874603
536,33,0.46536871875523766,7,9790-3a0dd9df-cae0-4f97-95b4-93bf1d0bfd09,dining_05,control,between,-1.732046807578115,-2.197415526333353
537,34,-0.40122628260339976,7,9790-3a0dd9df-cae0-4f97-95b4-93bf1d0bfd09,dining_00,control,between,0.5773489358593717,0.9785752184627715
538,35,-0.7502179478660681,7,9790-3a0dd9df-cae0-4f97-95b4-93bf1d0bfd09,waiting_07,repeated,between,0.5773489358593717,1.32756688372544
539,36,0.863259797580873,7,9790-3a0dd9df-cae0-4f97-95b4-93bf1d0bfd09,dining_01,control,between,0.5773489358593717,-0.28591086172150126
540,37,-0.5540115872213005,7,9790-3a0dd9df-cae0-4f97-95b4-93bf1d0bfd09,waiting_02,repeated,between,0.5773489358593717,1.1313605230806723
541,38,-0.7408844498416015,7,9790-3a0dd9df-cae0-4f97-95b4-93bf1d0bfd09,waiting_03,repeated,between,0.5773489358593717,1.3182333857009731
542,39,-1.1483119288226702,7,9790-3a0dd9df-cae0-4f97-95b4-93bf1d0bfd09,dining_04,control,between,-1.732046807578115,-0.5837348787554448
543,40,-0.658100380407201,7,9790-3a0dd9df-cae0-4f97-95b4-93bf1d0bfd09,waiting_06,repeated,between,0.5773489358593717,1.2354493162665727
