,trialNum,numStrokes,repetition,gameID,target,condition,generalization,outcome,bis
0,1,1.3090538783010413,0,0050-769c4742-aefc-4bea-aeb2-7dc48b51fe82,dining_07,repeated,between,-1.2909917820746473,-2.6000456603756885
1,2,-0.6393053824260899,0,0050-769c4742-aefc-4bea-aeb2-7dc48b51fe82,waiting_04,control,between,0.7745950692447884,1.4139004516708784
2,3,1.3090538783010413,0,0050-769c4742-aefc-4bea-aeb2-7dc48b51fe82,dining_00,repeated,between,0.7745950692447884,-0.5344588090562529
3,4,0.8219640631192584,0,0050-769c4742-aefc-4bea-aeb2-7dc48b51fe82,dining_05,repeated,between,0.7745950692447884,-0.04736899387447002
4,5,-0.6393053824260899,0,0050-769c4742-aefc-4bea-aeb2-7dc48b51fe82,dining_03,repeated,between,0.7745950692447884,1.4139004516708784
5,6,-0.6393053824260899,0,0050-769c4742-aefc-4bea-aeb2-7dc48b51fe82,waiting_01,control,between,0.7745950692447884,1.4139004516708784
6,7,-0.6393053824260899,0,0050-769c4742-aefc-4bea-aeb2-7dc48b51fe82,waiting_06,control,between,-1.2909917820746473,-0.6516863996485573
7,8,-1.1263951976078725,0,0050-769c4742-aefc-4bea-aeb2-7dc48b51fe82,waiting_02,control,between,-1.2909917820746473,-0.16459658446677472
8,33,0.8219640631192584,7,0050-769c4742-aefc-4bea-aeb2-7dc48b51fe82,dining_07,repeated,between,-1.2909917820746473,-2.1129558451939054
9,34,1.7961436934828239,7,0050-769c4742-aefc-4bea-aeb2-7dc48b51fe82,dining_00,repeated,between,-1.2909917820746473,-3.087135475557471
10,35,-1.1263951976078725,7,0050-769c4742-aefc-4bea-aeb2-7dc48b51fe82,dining_05,repeated,between,0.7745950692447884,1.900990266852661
11,36,-0.6393053824260899,7,0050-769c4742-aefc-4bea-aeb2-7dc48b51fe82,waiting_02,control,between,0.7745950692447884,1.4139004516708784
12,37,-0.1522155672443071,7,0050-769c4742-aefc-4bea-aeb2-7dc48b51fe82,waiting_06,control,between,0.7745950692447884,0.9268106364890955
13,38,1.3090538783010413,7,0050-769c4742-aefc-4bea-aeb2-7dc48b51fe82,dining_03,repeated,between,-1.2909917820746473,-2.6000456603756885
14,39,-1.1263951976078725,7,0050-769c4742-aefc-4bea-aeb2-7dc48b51fe82,waiting_04,control,between,0.7745950692447884,1.900990266852661
15,40,-0.6393053824260899,7,0050-769c4742-aefc-4bea-aeb2-7dc48b51fe82,waiting_01,control,between,0.7745950692447884,1.4139004516708784
16,1,0.5940882904919801,0,0051-e13f6f0c-ae9b-4976-8fcd-870cdb75f63f,waiting_02,repeated,between,0.258197823084901,-0.33589046740707906
17,2,0.5940882904919801,0,0051-e13f6f0c-ae9b-4976-8fcd-870cdb75f63f,dining_06,control,between,0.258197823084901,-0.33589046740707906
18,3,-0.19802943016399338,0,0051-e13f6f0c-ae9b-4976-8fcd-870cdb75f63f,dining_05,control,between,0.258197823084901,0.4562272532488944
19,4,-0.5940882904919801,0,0051-e13f6f0c-ae9b-4976-8fcd-870cdb75f63f,waiting_07,repeated,between,0.258197823084901,0.8522861135768811
20,5,0.19802943016399338,0,0051-e13f6f0c-ae9b-4976-8fcd-870cdb75f63f,waiting_04,repeated,between,0.258197823084901,0.06016839292090764
21,6,-0.5940882904919801,0,0051-e13f6f0c-ae9b-4976-8fcd-870cdb75f63f,waiting_03,repeated,between,0.258197823084901,0.8522861135768811
22,7,2.178323731803927,0,0051-e13f6f0c-ae9b-4976-8fcd-870cdb75f63f,dining_00,control,between,0.258197823084901,-1.9201259087190259
23,8,0.19802943016399338,0,0051-e13f6f0c-ae9b-4976-8fcd-870cdb75f63f,dining_01,control,between,0.258197823084901,0.06016839292090764
24,33,-0.5940882904919801,7,0051-e13f6f0c-ae9b-4976-8fcd-870cdb75f63f,dining_05,control,between,0.258197823084901,0.8522861135768811
25,34,0.5940882904919801,7,0051-e13f6f0c-ae9b-4976-8fcd-870cdb75f63f,dining_01,control,between,0.258197823084901,-0.33589046740707906
26,35,-0.9901471508199668,7,0051-e13f6f0c-ae9b-4976-8fcd-870cdb75f63f,dining_06,control,between,0.258197823084901,1.2483449739048678
27,36,-0.5940882904919801,7,0051-e13f6f0c-ae9b-4976-8fcd-870cdb75f63f,waiting_04,repeated,between,-3.8729673462735152,-3.2788790557815353
28,37,-0.9901471508199668,7,0051-e13f6f0c-ae9b-4976-8fcd-870cdb75f63f,waiting_03,repeated,between,0.258197823084901,1.2483449739048678
29,38,2.178323731803927,7,0051-e13f6f0c-ae9b-4976-8fcd-870cdb75f63f,dining_00,control,between,0.258197823084901,-1.9201259087190259
30,39,-0.9901471508199668,7,0051-e13f6f0c-ae9b-4976-8fcd-870cdb75f63f,waiting_02,repeated,between,0.258197823084901,1.2483449739048678
31,40,-0.9901471508199668,7,0051-e13f6f0c-ae9b-4976-8fcd-870cdb75f63f,waiting_07,repeated,between,0.258197823084901,1.2483449739048678
32,1,-1.21247131141057,0,0232-52e2508f-1993-48fa-8bb3-3d1bb74dfc40,waiting_01,repeated,between,-1.4832364974260364,-0.2707651860154663
33,2,1.6615347600811514,0,0232-52e2508f-1993-48fa-8bb3-3d1bb74dfc40,dining_06,control,between,0.6741984079209257,-0.9873363521602257
34,3,0.46403223029293417,0,0232-52e2508f-1993-48fa-8bb3-3d1bb74dfc40,waiting_04,repeated,between,-1.4832364974260364,-1.9472687277189706
35,4,0.7035327362505777,0,0232-52e2508f-1993-48fa-8bb3-3d1bb74dfc40,dining_02,control,between,0.6741984079209257,-0.029334328329651993
36,5,2.140535771996438,0,0232-52e2508f-1993-48fa-8bb3-3d1bb74dfc40,dining_07,control,between,-1.4832364974260364,-3.6237722694224743
37,6,1.1825337481658647,0,0232-52e2508f-1993-48fa-8bb3-3d1bb74dfc40,dining_05,control,between,-1.4832364974260364,-2.665770245591901
38,7,-0.9729708054529266,0,0232-52e2508f-1993-48fa-8bb3-3d1bb74dfc40,waiting_00,repeated,between,-1.4832364974260364,-0.5102656919731098
39,8,-0.49396979353763965,0,0232-52e2508f-1993-48fa-8bb3-3d1bb74dfc40,waiting_03,repeated,between,0.6741984079209257,1.1681682014585653
40,33,-1.21247131141057,7,0232-52e2508f-1993-48fa-8bb3-3d1bb74dfc40,waiting_00,repeated,between,0.6741984079209257,1.8866697193314956
41,34,-0.014968781622352717,7,0232-52e2508f-1993-48fa-8bb3-3d1bb74dfc40,dining_02,control,between,0.6741984079209257,0.6891671895432784
42,35,-0.7334702994952831,7,0232-52e2508f-1993-48fa-8bb3-3d1bb74dfc40,dining_07,control,between,0.6741984079209257,1.4076687074162089
43,36,-0.7334702994952831,7,0232-52e2508f-1993-48fa-8bb3-3d1bb74dfc40,waiting_03,repeated,between,0.6741984079209257,1.4076687074162089
44,37,-0.49396979353763965,7,0232-52e2508f-1993-48fa-8bb3-3d1bb74dfc40,waiting_01,repeated,between,0.6741984079209257,1.1681682014585653
45,38,-0.25446928757999615,7,0232-52e2508f-1993-48fa-8bb3-3d1bb74dfc40,dining_06,control,between,0.6741984079209257,0.9286676955009219
46,39,-0.7334702994952831,7,0232-52e2508f-1993-48fa-8bb3-3d1bb74dfc40,waiting_04,repeated,between,0.6741984079209257,1.4076687074162089
47,40,0.7035327362505777,7,0232-52e2508f-1993-48fa-8bb3-3d1bb74dfc40,dining_05,control,between,0.6741984079209257,-0.029334328329651993
48,1,2.3495021410325228,0,0647-0ece0513-aa05-4676-bb63-3845126ce2c1,dining_04,repeated,between,-2.0816606661464636,-4.431162807178986
49,2,-0.037293684778294006,0,0647-0ece0513-aa05-4676-bb63-3845126ce2c1,dining_07,repeated,between,-2.0816606661464636,-2.0443669813681695
50,3,0.5594052716744101,0,0647-0ece0513-aa05-4676-bb63-3845126ce2c1,waiting_01,control,between,0.4803832306491839,-0.0790220410252262
51,4,1.1561042281271143,0,0647-0ece0513-aa05-4676-bb63-3845126ce2c1,dining_06,repeated,between,0.4803832306491839,-0.6757209974779304
52,5,-0.6339926412309982,0,0647-0ece0513-aa05-4676-bb63-3845126ce2c1,waiting_05,control,between,0.4803832306491839,1.1143758718801822
53,6,-0.037293684778294006,0,0647-0ece0513-aa05-4676-bb63-3845126ce2c1,waiting_02,control,between,0.4803832306491839,0.517676915427478
54,7,-0.6339926412309982,0,0647-0ece0513-aa05-4676-bb63-3845126ce2c1,dining_03,repeated,between,0.4803832306491839,1.1143758718801822
55,8,-1.8273905541364064,0,0647-0ece0513-aa05-4676-bb63-3845126ce2c1,waiting_00,control,between,0.4803832306491839,2.3077737847855904
56,33,-0.037293684778294006,7,0647-0ece0513-aa05-4676-bb63-3845126ce2c1,waiting_01,control,between,-2.0816606661464636,-2.0443669813681695
57,34,-0.6339926412309982,7,0647-0ece0513-aa05-4676-bb63-3845126ce2c1,dining_06,repeated,between,0.4803832306491839,1.1143758718801822
58,35,0.5594052716744101,7,0647-0ece0513-aa05-4676-bb63-3845126ce2c1,dining_04,repeated,between,0.4803832306491839,-0.0790220410252262
59,36,-1.2306915976837023,7,0647-0ece0513-aa05-4676-bb63-3845126ce2c1,waiting_05,control,between,0.4803832306491839,1.7110748283328863
60,37,0.5594052716744101,7,0647-0ece0513-aa05-4676-bb63-3845126ce2c1,dining_07,repeated,between,0.4803832306491839,-0.0790220410252262
61,38,0.5594052716744101,7,0647-0ece0513-aa05-4676-bb63-3845126ce2c1,dining_03,repeated,between,0.4803832306491839,-0.0790220410252262
62,39,0.5594052716744101,7,0647-0ece0513-aa05-4676-bb63-3845126ce2c1,waiting_02,control,between,0.4803832306491839,-0.0790220410252262
63,40,-1.2306915976837023,7,0647-0ece0513-aa05-4676-bb63-3845126ce2c1,waiting_00,control,between,0.4803832306491839,1.7110748283328863
64,1,1.9079278021593764,0,0786-9d8492b6-e57d-4cb6-a44e-a79bccb681f4,dining_00,control,between,0.258197823084901,-1.6497299790744755
65,2,2.4629613446057403,0,0786-9d8492b6-e57d-4cb6-a44e-a79bccb681f4,dining_07,control,between,-3.8729673462735152,-6.335928690879255
66,3,0.7978607172666483,0,0786-9d8492b6-e57d-4cb6-a44e-a79bccb681f4,waiting_06,repeated,between,0.258197823084901,-0.5396628941817473
67,4,-0.8672399100724438,0,0786-9d8492b6-e57d-4cb6-a44e-a79bccb681f4,waiting_05,repeated,between,0.258197823084901,1.1254377331573449
68,5,-0.3122063676260798,0,0786-9d8492b6-e57d-4cb6-a44e-a79bccb681f4,dining_02,control,between,0.258197823084901,0.5704041907109808
69,6,0.7978607172666483,0,0786-9d8492b6-e57d-4cb6-a44e-a79bccb681f4,dining_04,control,between,0.258197823084901,-0.5396628941817473
70,7,0.24282717482028426,0,0786-9d8492b6-e57d-4cb6-a44e-a79bccb681f4,waiting_03,repeated,between,0.258197823084901,0.01537064826461676
71,8,-0.8672399100724438,0,0786-9d8492b6-e57d-4cb6-a44e-a79bccb681f4,waiting_01,repeated,between,0.258197823084901,1.1254377331573449
72,33,-0.8672399100724438,7,0786-9d8492b6-e57d-4cb6-a44e-a79bccb681f4,waiting_05,repeated,between,0.258197823084901,1.1254377331573449
73,34,0.24282717482028426,7,0786-9d8492b6-e57d-4cb6-a44e-a79bccb681f4,dining_00,control,between,0.258197823084901,0.01537064826461676
74,35,-0.8672399100724438,7,0786-9d8492b6-e57d-4cb6-a44e-a79bccb681f4,dining_02,control,between,0.258197823084901,1.1254377331573449
75,36,-0.3122063676260798,7,0786-9d8492b6-e57d-4cb6-a44e-a79bccb681f4,waiting_03,repeated,between,0.258197823084901,0.5704041907109808
76,37,-0.3122063676260798,7,0786-9d8492b6-e57d-4cb6-a44e-a79bccb681f4,waiting_06,repeated,between,0.258197823084901,0.5704041907109808
77,38,-0.8672399100724438,7,0786-9d8492b6-e57d-4cb6-a44e-a79bccb681f4,waiting_01,repeated,between,0.258197823084901,1.1254377331573449
78,39,-0.3122063676260798,7,0786-9d8492b6-e57d-4cb6-a44e-a79bccb681f4,dining_04,control,between,0.258197823084901,0.5704041907109808
79,40,-0.8672399100724438,7,0786-9d8492b6-e57d-4cb6-a44e-a79bccb681f4,dining_07,control,between,0.258197823084901,1.1254377331573449
80,1,1.2488165791516836,0,0836-215b3490-cdf2-4a13-b55a-ea90f7b1903b,dining_05,repeated,between,0.37796333015554007,-0.8708532489961436
81,2,1.9888560334637924,0,0836-215b3490-cdf2-4a13-b55a-ea90f7b1903b,dining_03,repeated,between,-2.6457433110887805,-4.634599344552573
82,3,1.0021367610476473,0,0836-215b3490-cdf2-4a13-b55a-ea90f7b1903b,waiting_01,control,between,-2.6457433110887805,-3.6478800721364277
83,4,1.2488165791516836,0,0836-215b3490-cdf2-4a13-b55a-ea90f7b1903b,waiting_04,control,between,0.37796333015554007,-0.8708532489961436
84,5,1.0021367610476473,0,0836-215b3490-cdf2-4a13-b55a-ea90f7b1903b,dining_06,repeated,between,0.37796333015554007,-0.6241734308921072
85,6,-0.7246219656806066,0,0836-215b3490-cdf2-4a13-b55a-ea90f7b1903b,waiting_00,control,between,0.37796333015554007,1.1025852958361466
86,7,1.0021367610476473,0,0836-215b3490-cdf2-4a13-b55a-ea90f7b1903b,dining_07,repeated,between,0.37796333015554007,-0.6241734308921072
87,8,-0.9713017837846428,0,0836-215b3490-cdf2-4a13-b55a-ea90f7b1903b,waiting_02,control,between,0.37796333015554007,1.349265113940183
88,33,-0.7246219656806066,7,0836-215b3490-cdf2-4a13-b55a-ea90f7b1903b,dining_05,repeated,between,0.37796333015554007,1.1025852958361466
89,34,-0.7246219656806066,7,0836-215b3490-cdf2-4a13-b55a-ea90f7b1903b,dining_03,repeated,between,0.37796333015554007,1.1025852958361466
90,35,-0.7246219656806066,7,0836-215b3490-cdf2-4a13-b55a-ea90f7b1903b,waiting_01,control,between,0.37796333015554007,1.1025852958361466
91,36,-0.4779421475765703,7,0836-215b3490-cdf2-4a13-b55a-ea90f7b1903b,dining_06,repeated,between,0.37796333015554007,0.8559054777321103
92,37,-0.4779421475765703,7,0836-215b3490-cdf2-4a13-b55a-ea90f7b1903b,dining_07,repeated,between,0.37796333015554007,0.8559054777321103
93,38,-0.9713017837846428,7,0836-215b3490-cdf2-4a13-b55a-ea90f7b1903b,waiting_02,control,between,0.37796333015554007,1.349265113940183
94,39,-0.9713017837846428,7,0836-215b3490-cdf2-4a13-b55a-ea90f7b1903b,waiting_04,control,between,0.37796333015554007,1.349265113940183
95,40,-0.7246219656806066,7,0836-215b3490-cdf2-4a13-b55a-ea90f7b1903b,waiting_00,control,between,0.37796333015554007,1.1025852958361466
96,1,-0.0713678830457954,0,0955-60582965-41c6-492d-aa67-98e15630db39,waiting_00,control,between,0.4803832306491839,0.5517511136949793
97,2,1.4511469552645064,0,0955-60582965-41c6-492d-aa67-98e15630db39,dining_01,repeated,between,0.4803832306491839,-0.9707637246153225
98,3,1.070518245686931,0,0955-60582965-41c6-492d-aa67-98e15630db39,waiting_02,control,between,0.4803832306491839,-0.5901350150377471
99,4,1.4511469552645064,0,0955-60582965-41c6-492d-aa67-98e15630db39,dining_06,repeated,between,0.4803832306491839,-0.9707637246153225
100,5,-0.4519965926233709,0,0955-60582965-41c6-492d-aa67-98e15630db39,dining_07,repeated,between,0.4803832306491839,0.9323798232725549
101,6,-1.2132540117785218,0,0955-60582965-41c6-492d-aa67-98e15630db39,waiting_05,control,between,-2.0816606661464636,-0.8684066543679418
102,7,-0.4519965926233709,0,0955-60582965-41c6-492d-aa67-98e15630db39,dining_03,repeated,between,0.4803832306491839,0.9323798232725549
103,8,1.4511469552645064,0,0955-60582965-41c6-492d-aa67-98e15630db39,waiting_04,control,between,0.4803832306491839,-0.9707637246153225
104,33,-0.8326253022009463,7,0955-60582965-41c6-492d-aa67-98e15630db39,dining_03,repeated,between,0.4803832306491839,1.3130085328501302
105,34,-0.8326253022009463,7,0955-60582965-41c6-492d-aa67-98e15630db39,dining_01,repeated,between,-2.0816606661464636,-1.2490353639455174
106,35,-0.0713678830457954,7,0955-60582965-41c6-492d-aa67-98e15630db39,dining_07,repeated,between,0.4803832306491839,0.5517511136949793
107,36,1.070518245686931,7,0955-60582965-41c6-492d-aa67-98e15630db39,dining_06,repeated,between,-2.0816606661464636,-3.1521789118333947
108,37,0.6898895361093556,7,0955-60582965-41c6-492d-aa67-98e15630db39,waiting_04,control,between,0.4803832306491839,-0.20950630546017163
109,38,-0.8326253022009463,7,0955-60582965-41c6-492d-aa67-98e15630db39,waiting_05,control,between,0.4803832306491839,1.3130085328501302
110,39,-1.2132540117785218,7,0955-60582965-41c6-492d-aa67-98e15630db39,waiting_00,control,between,0.4803832306491839,1.6936372424277057
111,40,-1.2132540117785218,7,0955-60582965-41c6-492d-aa67-98e15630db39,waiting_02,control,between,0.4803832306491839,1.6936372424277057
112,1,-0.4773957771643573,0,1096-f9380acb-8b85-4f77-8d5a-c20189a77eba,waiting_06,repeated,between,0.37796333015554007,0.8553591073198974
113,2,0.06819939673776533,0,1096-f9380acb-8b85-4f77-8d5a-c20189a77eba,dining_05,control,between,0.37796333015554007,0.30976393341777475
114,3,-1.0229909510664799,0,1096-f9380acb-8b85-4f77-8d5a-c20189a77eba,dining_07,control,between,0.37796333015554007,1.40095428122202
115,4,-0.4773957771643573,0,1096-f9380acb-8b85-4f77-8d5a-c20189a77eba,waiting_00,repeated,between,0.37796333015554007,0.8553591073198974
116,5,1.1593897445420107,0,1096-f9380acb-8b85-4f77-8d5a-c20189a77eba,dining_04,control,between,0.37796333015554007,-0.7814264143864706
117,6,-1.0229909510664799,0,1096-f9380acb-8b85-4f77-8d5a-c20189a77eba,dining_03,control,between,0.37796333015554007,1.40095428122202
118,7,-0.4773957771643573,0,1096-f9380acb-8b85-4f77-8d5a-c20189a77eba,waiting_01,repeated,between,0.37796333015554007,0.8553591073198974
119,8,0.06819939673776533,0,1096-f9380acb-8b85-4f77-8d5a-c20189a77eba,waiting_02,repeated,between,0.37796333015554007,0.30976393341777475
120,33,0.613794570639888,7,1096-f9380acb-8b85-4f77-8d5a-c20189a77eba,dining_07,control,between,0.37796333015554007,-0.2358312404843479
121,34,-1.5685861249686026,7,1096-f9380acb-8b85-4f77-8d5a-c20189a77eba,waiting_00,repeated,between,0.37796333015554007,1.9465494551241427
122,35,1.7049849184441332,7,1096-f9380acb-8b85-4f77-8d5a-c20189a77eba,dining_04,control,between,-2.6457433110887805,-4.350728229532914
123,36,-1.5685861249686026,7,1096-f9380acb-8b85-4f77-8d5a-c20189a77eba,waiting_01,repeated,between,0.37796333015554007,1.9465494551241427
124,37,0.613794570639888,7,1096-f9380acb-8b85-4f77-8d5a-c20189a77eba,dining_03,control,between,0.37796333015554007,-0.2358312404843479
125,38,0.06819939673776533,7,1096-f9380acb-8b85-4f77-8d5a-c20189a77eba,dining_05,control,between,0.37796333015554007,0.30976393341777475
126,39,0.613794570639888,7,1096-f9380acb-8b85-4f77-8d5a-c20189a77eba,waiting_06,repeated,between,-2.6457433110887805,-3.2595378817286687
127,40,1.7049849184441332,7,1096-f9380acb-8b85-4f77-8d5a-c20189a77eba,waiting_02,repeated,between,0.37796333015554007,-1.3270215882885932
128,1,-0.10357144475302497,0,1291-3bda039e-7339-457f-8762-5b741cf9e305,waiting_05,repeated,between,-0.8819153259140028,-0.7783438811609779
129,2,1.5535716712953747,0,1291-3bda039e-7339-457f-8762-5b741cf9e305,waiting_07,repeated,between,1.1338911333180035,-0.41968053797737115
130,3,0.44880959392977493,0,1291-3bda039e-7339-457f-8762-5b741cf9e305,dining_01,control,between,1.1338911333180035,0.6850815393882286
131,4,1.0011906326125748,0,1291-3bda039e-7339-457f-8762-5b741cf9e305,dining_03,control,between,1.1338911333180035,0.13270050070542871
132,5,1.0011906326125748,0,1291-3bda039e-7339-457f-8762-5b741cf9e305,waiting_06,repeated,between,-0.8819153259140028,-1.8831059585265777
133,6,1.0011906326125748,0,1291-3bda039e-7339-457f-8762-5b741cf9e305,waiting_04,repeated,between,-0.8819153259140028,-1.8831059585265777
134,7,1.0011906326125748,0,1291-3bda039e-7339-457f-8762-5b741cf9e305,dining_00,control,between,1.1338911333180035,0.13270050070542871
135,8,1.0011906326125748,0,1291-3bda039e-7339-457f-8762-5b741cf9e305,dining_02,control,between,-0.8819153259140028,-1.8831059585265777
136,33,-0.6559524834358249,7,1291-3bda039e-7339-457f-8762-5b741cf9e305,dining_02,control,between,1.1338911333180035,1.7898436167538283
137,34,-1.2083335221186247,7,1291-3bda039e-7339-457f-8762-5b741cf9e305,waiting_06,repeated,between,-0.8819153259140028,0.32641819620462187
138,35,-0.10357144475302497,7,1291-3bda039e-7339-457f-8762-5b741cf9e305,waiting_07,repeated,between,1.1338911333180035,1.2374625780710284
139,36,-1.2083335221186247,7,1291-3bda039e-7339-457f-8762-5b741cf9e305,dining_03,control,between,-0.8819153259140028,0.32641819620462187
140,37,-1.7607145608014245,7,1291-3bda039e-7339-457f-8762-5b741cf9e305,waiting_04,repeated,between,-0.8819153259140028,0.8787992348874217
141,38,-1.2083335221186247,7,1291-3bda039e-7339-457f-8762-5b741cf9e305,waiting_05,repeated,between,-0.8819153259140028,0.32641819620462187
142,39,-0.6559524834358249,7,1291-3bda039e-7339-457f-8762-5b741cf9e305,dining_01,control,between,1.1338911333180035,1.7898436167538283
143,40,-0.10357144475302497,7,1291-3bda039e-7339-457f-8762-5b741cf9e305,dining_00,control,between,-0.8819153259140028,-0.7783438811609779
144,1,-0.4037072864817654,0,1456-d61538b0-dfa4-4429-bd74-42ce8c65ed4d,waiting_00,control,between,0.37796333015554007,0.7816706166373055
145,2,1.976040928568641,0,1456-d61538b0-dfa4-4429-bd74-42ce8c65ed4d,waiting_04,control,between,0.37796333015554007,-1.598077598413101
146,3,-0.4037072864817654,0,1456-d61538b0-dfa4-4429-bd74-42ce8c65ed4d,waiting_06,control,between,0.37796333015554007,0.7816706166373055
147,4,-0.7436713172032521,0,1456-d61538b0-dfa4-4429-bd74-42ce8c65ed4d,waiting_07,control,between,0.37796333015554007,1.1216346473587921
148,5,1.976040928568641,0,1456-d61538b0-dfa4-4429-bd74-42ce8c65ed4d,dining_02,repeated,between,0.37796333015554007,-1.598077598413101
149,6,0.9561488364041812,0,1456-d61538b0-dfa4-4429-bd74-42ce8c65ed4d,dining_01,repeated,between,-2.6457433110887805,-3.6018921474929617
150,7,-0.7436713172032521,0,1456-d61538b0-dfa4-4429-bd74-42ce8c65ed4d,dining_03,repeated,between,0.37796333015554007,1.1216346473587921
151,8,1.6360768978471545,0,1456-d61538b0-dfa4-4429-bd74-42ce8c65ed4d,dining_05,repeated,between,-2.6457433110887805,-4.281820208935935
152,33,-0.7436713172032521,7,1456-d61538b0-dfa4-4429-bd74-42ce8c65ed4d,waiting_07,control,between,0.37796333015554007,1.1216346473587921
153,34,-0.7436713172032521,7,1456-d61538b0-dfa4-4429-bd74-42ce8c65ed4d,waiting_00,control,between,0.37796333015554007,1.1216346473587921
154,35,-0.7436713172032521,7,1456-d61538b0-dfa4-4429-bd74-42ce8c65ed4d,dining_03,repeated,between,0.37796333015554007,1.1216346473587921
155,36,-0.06374325576027874,7,1456-d61538b0-dfa4-4429-bd74-42ce8c65ed4d,dining_01,repeated,between,0.37796333015554007,0.4417065859158188
156,37,-1.0836353479247387,7,1456-d61538b0-dfa4-4429-bd74-42ce8c65ed4d,waiting_04,control,between,0.37796333015554007,1.4615986780802788
157,38,-0.06374325576027874,7,1456-d61538b0-dfa4-4429-bd74-42ce8c65ed4d,dining_05,repeated,between,0.37796333015554007,0.4417065859158188
158,39,-0.4037072864817654,7,1456-d61538b0-dfa4-4429-bd74-42ce8c65ed4d,waiting_06,control,between,0.37796333015554007,0.7816706166373055
159,40,-0.4037072864817654,7,1456-d61538b0-dfa4-4429-bd74-42ce8c65ed4d,dining_02,repeated,between,0.37796333015554007,0.7816706166373055
160,1,0.5315094566163208,0,1696-c4c60e8e-a818-42cf-8cef-9b5466d277a3,dining_02,repeated,between,-2.0816606661464636,-2.613170122762784
161,2,0.7816315538475306,0,1696-c4c60e8e-a818-42cf-8cef-9b5466d277a3,dining_00,repeated,between,0.4803832306491839,-0.30124832319834666
162,3,1.5319978455411598,0,1696-c4c60e8e-a818-42cf-8cef-9b5466d277a3,waiting_04,control,between,-2.0816606661464636,-3.6136585116876234
163,4,-0.21885683507730855,0,1696-c4c60e8e-a818-42cf-8cef-9b5466d277a3,waiting_05,control,between,0.4803832306491839,0.6992400657264924
164,5,0.03126526215390122,0,1696-c4c60e8e-a818-42cf-8cef-9b5466d277a3,waiting_01,control,between,0.4803832306491839,0.4491179684952827
165,6,-0.21885683507730855,0,1696-c4c60e8e-a818-42cf-8cef-9b5466d277a3,waiting_03,control,between,0.4803832306491839,0.6992400657264924
166,7,-1.4694673212333575,0,1696-c4c60e8e-a818-42cf-8cef-9b5466d277a3,dining_07,repeated,between,0.4803832306491839,1.9498505518825415
167,8,1.5319978455411598,0,1696-c4c60e8e-a818-42cf-8cef-9b5466d277a3,dining_06,repeated,between,0.4803832306491839,-1.0516146148919758
168,33,1.7821199427723697,7,1696-c4c60e8e-a818-42cf-8cef-9b5466d277a3,waiting_04,control,between,-2.0816606661464636,-3.8637806089188333
169,34,0.281387359385111,7,1696-c4c60e8e-a818-42cf-8cef-9b5466d277a3,dining_00,repeated,between,0.4803832306491839,0.19899587126407292
170,35,0.03126526215390122,7,1696-c4c60e8e-a818-42cf-8cef-9b5466d277a3,waiting_01,control,between,0.4803832306491839,0.4491179684952827
171,36,-0.46897893230851834,7,1696-c4c60e8e-a818-42cf-8cef-9b5466d277a3,dining_06,repeated,between,0.4803832306491839,0.9493621629577023
172,37,-1.4694673212333575,7,1696-c4c60e8e-a818-42cf-8cef-9b5466d277a3,dining_07,repeated,between,0.4803832306491839,1.9498505518825415
173,38,-0.7191010295397281,7,1696-c4c60e8e-a818-42cf-8cef-9b5466d277a3,dining_02,repeated,between,0.4803832306491839,1.199484260188912
174,39,-1.2193452240021476,7,1696-c4c60e8e-a818-42cf-8cef-9b5466d277a3,waiting_05,control,between,0.4803832306491839,1.6997284546513316
175,40,-0.7191010295397281,7,1696-c4c60e8e-a818-42cf-8cef-9b5466d277a3,waiting_03,control,between,0.4803832306491839,1.199484260188912
176,1,0.43759471917468373,0,1993-b2fda10b-f02f-4ef8-a2f3-e482ead74bb9,dining_03,repeated,between,0.258197823084901,-0.1793968960897827
177,2,-1.8962437830902963,0,1993-b2fda10b-f02f-4ef8-a2f3-e482ead74bb9,waiting_00,control,between,0.258197823084901,2.1544416061751974
178,3,0.43759471917468373,0,1993-b2fda10b-f02f-4ef8-a2f3-e482ead74bb9,dining_07,repeated,between,-3.8729673462735152,-4.310562065448199
179,4,-0.14586490639156124,0,1993-b2fda10b-f02f-4ef8-a2f3-e482ead74bb9,waiting_01,control,between,0.258197823084901,0.40406272947646227
180,5,-0.7293245319578062,0,1993-b2fda10b-f02f-4ef8-a2f3-e482ead74bb9,waiting_04,control,between,0.258197823084901,0.9875223550427072
181,6,1.0210543447409288,0,1993-b2fda10b-f02f-4ef8-a2f3-e482ead74bb9,dining_06,repeated,between,0.258197823084901,-0.7628565216560278
182,7,0.43759471917468373,0,1993-b2fda10b-f02f-4ef8-a2f3-e482ead74bb9,waiting_02,control,between,0.258197823084901,-0.1793968960897827
183,8,1.0210543447409288,0,1993-b2fda10b-f02f-4ef8-a2f3-e482ead74bb9,dining_05,repeated,between,0.258197823084901,-0.7628565216560278
184,33,-0.7293245319578062,7,1993-b2fda10b-f02f-4ef8-a2f3-e482ead74bb9,waiting_04,control,between,0.258197823084901,0.9875223550427072
185,34,1.6045139703071738,7,1993-b2fda10b-f02f-4ef8-a2f3-e482ead74bb9,dining_06,repeated,between,0.258197823084901,-1.3463161472222729
186,35,-0.14586490639156124,7,1993-b2fda10b-f02f-4ef8-a2f3-e482ead74bb9,dining_03,repeated,between,0.258197823084901,0.40406272947646227
187,36,-0.7293245319578062,7,1993-b2fda10b-f02f-4ef8-a2f3-e482ead74bb9,waiting_01,control,between,0.258197823084901,0.9875223550427072
188,37,-1.3127841575240513,7,1993-b2fda10b-f02f-4ef8-a2f3-e482ead74bb9,waiting_02,control,between,0.258197823084901,1.5709819806089524
189,38,1.0210543447409288,7,1993-b2fda10b-f02f-4ef8-a2f3-e482ead74bb9,dining_07,repeated,between,0.258197823084901,-0.7628565216560278
190,39,-1.3127841575240513,7,1993-b2fda10b-f02f-4ef8-a2f3-e482ead74bb9,waiting_00,control,between,0.258197823084901,1.5709819806089524
191,40,1.0210543447409288,7,1993-b2fda10b-f02f-4ef8-a2f3-e482ead74bb9,dining_05,repeated,between,0.258197823084901,-0.7628565216560278
192,1,0.5095565655805696,0,2278-180099e6-6124-48cf-a3c4-3196be754954,waiting_03,repeated,between,0.258197823084901,-0.2513587424956686
193,2,1.0718258793246465,0,2278-180099e6-6124-48cf-a3c4-3196be754954,dining_02,control,between,0.258197823084901,-0.8136280562397454
194,3,-0.6149820619075841,0,2278-180099e6-6124-48cf-a3c4-3196be754954,waiting_00,repeated,between,0.258197823084901,0.8731798849924851
195,4,-1.177251375651661,0,2278-180099e6-6124-48cf-a3c4-3196be754954,waiting_05,repeated,between,0.258197823084901,1.435449198736562
196,5,-0.052712748163507205,0,2278-180099e6-6124-48cf-a3c4-3196be754954,waiting_04,repeated,between,0.258197823084901,0.3109105712484082
197,6,0.5095565655805696,0,2278-180099e6-6124-48cf-a3c4-3196be754954,dining_06,control,between,0.258197823084901,-0.2513587424956686
198,7,0.5095565655805696,0,2278-180099e6-6124-48cf-a3c4-3196be754954,dining_07,control,between,0.258197823084901,-0.2513587424956686
199,8,1.352960536196685,0,2278-180099e6-6124-48cf-a3c4-3196be754954,dining_01,control,between,0.258197823084901,-1.094762713111784
200,33,-0.6149820619075841,7,2278-180099e6-6124-48cf-a3c4-3196be754954,waiting_03,repeated,between,-3.8729673462735152,-3.2579852843659314
201,34,0.2284219087085312,7,2278-180099e6-6124-48cf-a3c4-3196be754954,dining_07,control,between,0.258197823084901,0.02977591437636981
202,35,-1.4583860325236995,7,2278-180099e6-6124-48cf-a3c4-3196be754954,waiting_04,repeated,between,0.258197823084901,1.7165838556086004
203,36,-0.052712748163507205,7,2278-180099e6-6124-48cf-a3c4-3196be754954,dining_01,control,between,0.258197823084901,0.3109105712484082
204,37,1.352960536196685,7,2278-180099e6-6124-48cf-a3c4-3196be754954,dining_06,control,between,0.258197823084901,-1.094762713111784
205,38,-1.4583860325236995,7,2278-180099e6-6124-48cf-a3c4-3196be754954,waiting_00,repeated,between,0.258197823084901,1.7165838556086004
206,39,-1.4583860325236995,7,2278-180099e6-6124-48cf-a3c4-3196be754954,waiting_05,repeated,between,0.258197823084901,1.7165838556086004
207,40,1.352960536196685,7,2278-180099e6-6124-48cf-a3c4-3196be754954,dining_02,control,between,0.258197823084901,-1.094762713111784
208,1,1.1433236395122102,0,2391-14c2ae6d-73d2-4e2a-b4e8-d9cdedbd393c,dining_07,control,between,0.5773489358593717,-0.5659747036528384
209,2,-0.22866472790244205,0,2391-14c2ae6d-73d2-4e2a-b4e8-d9cdedbd393c,waiting_05,repeated,between,0.5773489358593717,0.8060136637618138
210,3,0.6859941837073261,0,2391-14c2ae6d-73d2-4e2a-b4e8-d9cdedbd393c,dining_01,control,between,-1.732046807578115,-2.4180409912854413
211,4,0.4573294558048841,0,2391-14c2ae6d-73d2-4e2a-b4e8-d9cdedbd393c,dining_06,control,between,0.5773489358593717,0.12001948005448765
212,5,-1.6006530953170943,0,2391-14c2ae6d-73d2-4e2a-b4e8-d9cdedbd393c,waiting_03,repeated,between,0.5773489358593717,2.178002031176466
213,6,-0.22866472790244205,0,2391-14c2ae6d-73d2-4e2a-b4e8-d9cdedbd393c,waiting_02,repeated,between,0.5773489358593717,0.8060136637618138
214,7,-1.1433236395122102,0,2391-14c2ae6d-73d2-4e2a-b4e8-d9cdedbd393c,waiting_00,repeated,between,-1.732046807578115,-0.5887231680659049
215,8,-0.9146589116097682,0,2391-14c2ae6d-73d2-4e2a-b4e8-d9cdedbd393c,dining_04,control,between,-1.732046807578115,-0.8173878959683468
216,33,0.22866472790244205,7,2391-14c2ae6d-73d2-4e2a-b4e8-d9cdedbd393c,dining_06,control,between,0.5773489358593717,0.34868420795692967
217,34,-0.4573294558048841,7,2391-14c2ae6d-73d2-4e2a-b4e8-d9cdedbd393c,waiting_00,repeated,between,-1.732046807578115,-1.2747173517732309
218,35,2.0579825511219783,7,2391-14c2ae6d-73d2-4e2a-b4e8-d9cdedbd393c,dining_01,control,between,0.5773489358593717,-1.4806336152626065
219,36,0.0,7,2391-14c2ae6d-73d2-4e2a-b4e8-d9cdedbd393c,dining_07,control,between,0.5773489358593717,0.5773489358593717
220,37,-0.6859941837073261,7,2391-14c2ae6d-73d2-4e2a-b4e8-d9cdedbd393c,waiting_05,repeated,between,0.5773489358593717,1.2633431195666978
221,38,1.8293178232195364,7,2391-14c2ae6d-73d2-4e2a-b4e8-d9cdedbd393c,dining_04,control,between,0.5773489358593717,-1.2519688873601647
222,39,-0.9146589116097682,7,2391-14c2ae6d-73d2-4e2a-b4e8-d9cdedbd393c,waiting_03,repeated,between,0.5773489358593717,1.4920078474691398
223,40,-0.22866472790244205,7,2391-14c2ae6d-73d2-4e2a-b4e8-d9cdedbd393c,waiting_02,repeated,between,0.5773489358593717,0.8060136637618138
224,1,2.012366836402412,0,4086-fdeecc93-f5a6-426f-a924-c53ebaf80069,dining_00,repeated,between,-1.1338911333180035,-3.1462579697204154
225,2,-0.5379594513154963,0,4086-fdeecc93-f5a6-426f-a924-c53ebaf80069,waiting_07,control,between,0.8819153259140028,1.419874777229499
226,3,1.6935760504376733,0,4086-fdeecc93-f5a6-426f-a924-c53ebaf80069,dining_04,repeated,between,-1.1338911333180035,-2.827467183755677
227,4,-0.5379594513154963,0,4086-fdeecc93-f5a6-426f-a924-c53ebaf80069,waiting_01,control,between,-1.1338911333180035,-0.5959316820025072
228,5,0.7372036925434577,0,4086-fdeecc93-f5a6-426f-a924-c53ebaf80069,dining_05,repeated,between,-1.1338911333180035,-1.8710948258614613
229,6,0.09962212061398078,0,4086-fdeecc93-f5a6-426f-a924-c53ebaf80069,waiting_02,control,between,0.8819153259140028,0.782293205300022
230,7,0.41841290657871927,0,4086-fdeecc93-f5a6-426f-a924-c53ebaf80069,dining_06,repeated,between,0.8819153259140028,0.4635024193352835
231,8,-1.1755410232449732,0,4086-fdeecc93-f5a6-426f-a924-c53ebaf80069,waiting_03,control,between,0.8819153259140028,2.057456349158976
232,33,-1.4943318092097118,7,4086-fdeecc93-f5a6-426f-a924-c53ebaf80069,waiting_02,control,between,0.8819153259140028,2.3762471351237147
233,34,-1.1755410232449732,7,4086-fdeecc93-f5a6-426f-a924-c53ebaf80069,waiting_07,control,between,0.8819153259140028,2.057456349158976
234,35,-1.1755410232449732,7,4086-fdeecc93-f5a6-426f-a924-c53ebaf80069,waiting_03,control,between,0.8819153259140028,2.057456349158976
235,36,0.7372036925434577,7,4086-fdeecc93-f5a6-426f-a924-c53ebaf80069,dining_04,repeated,between,-1.1338911333180035,-1.8710948258614613
236,37,0.09962212061398078,7,4086-fdeecc93-f5a6-426f-a924-c53ebaf80069,dining_05,repeated,between,-1.1338911333180035,-1.2335132539319842
237,38,0.09962212061398078,7,4086-fdeecc93-f5a6-426f-a924-c53ebaf80069,dining_06,repeated,between,0.8819153259140028,0.782293205300022
238,39,-0.5379594513154963,7,4086-fdeecc93-f5a6-426f-a924-c53ebaf80069,waiting_01,control,between,-1.1338911333180035,-0.5959316820025072
239,40,0.7372036925434577,7,4086-fdeecc93-f5a6-426f-a924-c53ebaf80069,dining_00,repeated,between,0.8819153259140028,0.14471163337054505
240,1,0.2670665762869771,0,4197-1d23a6c0-9864-4a7f-a63d-558ef64cbf94,dining_06,repeated,between,-1.732046807578115,-1.999113383865092
241,2,0.2670665762869771,0,4197-1d23a6c0-9864-4a7f-a63d-558ef64cbf94,dining_07,repeated,between,0.5773489358593717,0.31028235957239464
242,3,-0.03815236804099673,0,4197-1d23a6c0-9864-4a7f-a63d-558ef64cbf94,waiting_01,control,between,-1.732046807578115,-1.6938944395371183
243,4,0.572285520614951,0,4197-1d23a6c0-9864-4a7f-a63d-558ef64cbf94,waiting_03,control,between,0.5773489358593717,0.005063415244420777
244,5,-1.2590281453528922,0,4197-1d23a6c0-9864-4a7f-a63d-558ef64cbf94,waiting_00,control,between,-1.732046807578115,-0.4730186622252228
245,6,0.572285520614951,0,4197-1d23a6c0-9864-4a7f-a63d-558ef64cbf94,dining_04,repeated,between,0.5773489358593717,0.005063415244420777
246,7,-0.03815236804099673,0,4197-1d23a6c0-9864-4a7f-a63d-558ef64cbf94,dining_05,repeated,between,0.5773489358593717,0.6155013039003685
247,8,-0.6485902566969445,0,4197-1d23a6c0-9864-4a7f-a63d-558ef64cbf94,waiting_02,control,between,0.5773489358593717,1.2259391925563161
248,33,0.572285520614951,7,4197-1d23a6c0-9864-4a7f-a63d-558ef64cbf94,dining_05,repeated,between,0.5773489358593717,0.005063415244420777
249,34,0.8775044649429249,7,4197-1d23a6c0-9864-4a7f-a63d-558ef64cbf94,dining_04,repeated,between,0.5773489358593717,-0.30015552908355314
250,35,-0.3433713123689706,7,4197-1d23a6c0-9864-4a7f-a63d-558ef64cbf94,waiting_01,control,between,0.5773489358593717,0.9207202482283423
251,36,-2.174684978336814,7,4197-1d23a6c0-9864-4a7f-a63d-558ef64cbf94,waiting_00,control,between,0.5773489358593717,2.7520339141961854
252,37,-1.564247089680866,7,4197-1d23a6c0-9864-4a7f-a63d-558ef64cbf94,waiting_03,control,between,0.5773489358593717,2.1415960255402378
253,38,2.0983802422548203,7,4197-1d23a6c0-9864-4a7f-a63d-558ef64cbf94,dining_06,repeated,between,0.5773489358593717,-1.5210313063954486
254,39,0.572285520614951,7,4197-1d23a6c0-9864-4a7f-a63d-558ef64cbf94,waiting_02,control,between,-1.732046807578115,-2.304332328193066
255,40,0.2670665762869771,7,4197-1d23a6c0-9864-4a7f-a63d-558ef64cbf94,dining_07,repeated,between,0.5773489358593717,0.31028235957239464
256,1,-0.24607262521584453,0,4344-f66f25b9-b27d-401c-bfee-521325f1ed15,waiting_03,repeated,between,0.7745950692447884,1.020667694460633
257,2,-0.5489312408661147,0,4344-f66f25b9-b27d-401c-bfee-521325f1ed15,waiting_04,repeated,between,0.7745950692447884,1.323526310110903
258,3,1.5710790686857765,0,4344-f66f25b9-b27d-401c-bfee-521325f1ed15,dining_02,control,between,0.7745950692447884,-0.7964839994409881
259,4,1.2682204530355063,0,4344-f66f25b9-b27d-401c-bfee-521325f1ed15,dining_00,control,between,0.7745950692447884,-0.49362538379071796
260,5,-0.24607262521584453,0,4344-f66f25b9-b27d-401c-bfee-521325f1ed15,dining_01,control,between,-1.2909917820746473,-1.0449191568588028
261,6,-1.154648472166655,0,4344-f66f25b9-b27d-401c-bfee-521325f1ed15,waiting_06,repeated,between,-1.2909917820746473,-0.13634330990799226
262,7,1.2682204530355063,0,4344-f66f25b9-b27d-401c-bfee-521325f1ed15,dining_05,control,between,-1.2909917820746473,-2.5592122351101536
263,8,-0.5489312408661147,0,4344-f66f25b9-b27d-401c-bfee-521325f1ed15,waiting_07,repeated,between,0.7745950692447884,1.323526310110903
264,33,-0.851789856516385,7,4344-f66f25b9-b27d-401c-bfee-521325f1ed15,waiting_07,repeated,between,0.7745950692447884,1.6263849257611733
265,34,0.662503221734966,7,4344-f66f25b9-b27d-401c-bfee-521325f1ed15,dining_02,control,between,-1.2909917820746473,-1.9534950038096133
266,35,1.2682204530355063,7,4344-f66f25b9-b27d-401c-bfee-521325f1ed15,dining_01,control,between,-1.2909917820746473,-2.5592122351101536
267,36,-1.4575070878169254,7,4344-f66f25b9-b27d-401c-bfee-521325f1ed15,waiting_03,repeated,between,0.7745950692447884,2.2321021570617137
268,37,-0.851789856516385,7,4344-f66f25b9-b27d-401c-bfee-521325f1ed15,waiting_06,repeated,between,0.7745950692447884,1.6263849257611733
269,38,-0.851789856516385,7,4344-f66f25b9-b27d-401c-bfee-521325f1ed15,waiting_04,repeated,between,0.7745950692447884,1.6263849257611733
270,39,1.2682204530355063,7,4344-f66f25b9-b27d-401c-bfee-521325f1ed15,dining_00,control,between,0.7745950692447884,-0.49362538379071796
271,40,-0.5489312408661147,7,4344-f66f25b9-b27d-401c-bfee-521325f1ed15,dining_05,control,between,-1.2909917820746473,-0.7420605412085326
272,1,-1.1257682547585828,0,4479-3f10bccf-ef14-4c6a-a2f5-333f692f78d8,waiting_07,repeated,between,0.258197823084901,1.3839660778434837
273,2,2.7066343146323377,0,4479-3f10bccf-ef14-4c6a-a2f5-333f692f78d8,dining_04,control,between,-3.8729673462735152,-6.579601660905853
274,3,0.02395251605869325,0,4479-3f10bccf-ef14-4c6a-a2f5-333f692f78d8,dining_06,control,between,0.258197823084901,0.23424530702620777
275,4,0.4071927729977853,0,4479-3f10bccf-ef14-4c6a-a2f5-333f692f78d8,dining_00,control,between,0.258197823084901,-0.14899494991288426
276,5,0.02395251605869325,0,4479-3f10bccf-ef14-4c6a-a2f5-333f692f78d8,waiting_02,repeated,between,0.258197823084901,0.23424530702620777
277,6,-1.1257682547585828,0,4479-3f10bccf-ef14-4c6a-a2f5-333f692f78d8,waiting_01,repeated,between,0.258197823084901,1.3839660778434837
278,7,0.02395251605869325,0,4479-3f10bccf-ef14-4c6a-a2f5-333f692f78d8,waiting_05,repeated,between,0.258197823084901,0.23424530702620777
279,8,-1.1257682547585828,0,4479-3f10bccf-ef14-4c6a-a2f5-333f692f78d8,dining_03,control,between,0.258197823084901,1.3839660778434837
280,33,-0.7425279978194909,7,4479-3f10bccf-ef14-4c6a-a2f5-333f692f78d8,waiting_02,repeated,between,0.258197823084901,1.0007258209043919
281,34,0.02395251605869325,7,4479-3f10bccf-ef14-4c6a-a2f5-333f692f78d8,waiting_07,repeated,between,0.258197823084901,0.23424530702620777
282,35,0.7904330299368774,7,4479-3f10bccf-ef14-4c6a-a2f5-333f692f78d8,dining_00,control,between,0.258197823084901,-0.5322352068519763
283,36,-0.3592877408803988,7,4479-3f10bccf-ef14-4c6a-a2f5-333f692f78d8,dining_06,control,between,0.258197823084901,0.6174855639652999
284,37,0.7904330299368774,7,4479-3f10bccf-ef14-4c6a-a2f5-333f692f78d8,waiting_01,repeated,between,0.258197823084901,-0.5322352068519763
285,38,-1.1257682547585828,7,4479-3f10bccf-ef14-4c6a-a2f5-333f692f78d8,waiting_05,repeated,between,0.258197823084901,1.3839660778434837
286,39,-0.3592877408803988,7,4479-3f10bccf-ef14-4c6a-a2f5-333f692f78d8,dining_03,control,between,0.258197823084901,0.6174855639652999
287,40,1.1736732868759694,7,4479-3f10bccf-ef14-4c6a-a2f5-333f692f78d8,dining_04,control,between,0.258197823084901,-0.9154754637910684
288,1,2.2007570926857634,0,4481-5fed0014-1615-4591-a71b-a636861ff34f,dining_01,control,between,0.5773489358593717,-1.6234081568263916
289,2,0.6697956369043628,0,4481-5fed0014-1615-4591-a71b-a636861ff34f,waiting_02,repeated,between,-1.732046807578115,-2.4018424444824777
290,3,0.1594751516438959,0,4481-5fed0014-1615-4591-a71b-a636861ff34f,dining_04,control,between,0.5773489358593717,0.41787378421547583
291,4,-0.8611658188770379,0,4481-5fed0014-1615-4591-a71b-a636861ff34f,waiting_00,repeated,between,0.5773489358593717,1.4385147547364097
292,5,1.6904366074252966,0,4481-5fed0014-1615-4591-a71b-a636861ff34f,dining_06,control,between,-1.732046807578115,-3.422483415003412
293,6,-0.350845333616571,0,4481-5fed0014-1615-4591-a71b-a636861ff34f,waiting_03,repeated,between,0.5773489358593717,0.9281942694759427
294,7,-0.8611658188770379,0,4481-5fed0014-1615-4591-a71b-a636861ff34f,waiting_07,repeated,between,0.5773489358593717,1.4385147547364097
295,8,-0.8611658188770379,0,4481-5fed0014-1615-4591-a71b-a636861ff34f,dining_05,control,between,0.5773489358593717,1.4385147547364097
296,33,0.6697956369043628,7,4481-5fed0014-1615-4591-a71b-a636861ff34f,dining_05,control,between,0.5773489358593717,-0.09244670104499109
297,34,-1.3714863041375047,7,4481-5fed0014-1615-4591-a71b-a636861ff34f,waiting_03,repeated,between,0.5773489358593717,1.9488352399968765
298,35,-0.8611658188770379,7,4481-5fed0014-1615-4591-a71b-a636861ff34f,waiting_07,repeated,between,0.5773489358593717,1.4385147547364097
299,36,0.6697956369043628,7,4481-5fed0014-1615-4591-a71b-a636861ff34f,dining_01,control,between,-1.732046807578115,-2.4018424444824777
300,37,0.1594751516438959,7,4481-5fed0014-1615-4591-a71b-a636861ff34f,dining_04,control,between,0.5773489358593717,0.41787378421547583
301,38,0.6697956369043628,7,4481-5fed0014-1615-4591-a71b-a636861ff34f,dining_06,control,between,-1.732046807578115,-2.4018424444824777
302,39,-0.8611658188770379,7,4481-5fed0014-1615-4591-a71b-a636861ff34f,waiting_00,repeated,between,0.5773489358593717,1.4385147547364097
303,40,-0.8611658188770379,7,4481-5fed0014-1615-4591-a71b-a636861ff34f,waiting_02,repeated,between,0.5773489358593717,1.4385147547364097
304,1,1.8302291795930208,0,4485-b6b989b0-c8f7-4a76-b133-3f2c4301e9f1,dining_06,repeated,between,0.5773489358593717,-1.252880243733649
305,2,1.36906907134911,0,4485-b6b989b0-c8f7-4a76-b133-3f2c4301e9f1,dining_01,repeated,between,0.5773489358593717,-0.7917201354897383
306,3,0.9079089631051993,0,4485-b6b989b0-c8f7-4a76-b133-3f2c4301e9f1,waiting_00,control,between,-1.732046807578115,-2.639955770683314
307,4,1.36906907134911,0,4485-b6b989b0-c8f7-4a76-b133-3f2c4301e9f1,dining_03,repeated,between,-1.732046807578115,-3.1011158789272253
308,5,0.6773289089832439,0,4485-b6b989b0-c8f7-4a76-b133-3f2c4301e9f1,waiting_02,control,between,-1.732046807578115,-2.409375716561359
309,6,-0.9367314698704438,0,4485-b6b989b0-c8f7-4a76-b133-3f2c4301e9f1,waiting_05,control,between,0.5773489358593717,1.5140804057298154
310,7,-0.2449913075045776,0,4485-b6b989b0-c8f7-4a76-b133-3f2c4301e9f1,waiting_07,control,between,0.5773489358593717,0.8223402433639493
311,8,0.9079089631051993,0,4485-b6b989b0-c8f7-4a76-b133-3f2c4301e9f1,dining_04,repeated,between,-1.732046807578115,-2.639955770683314
312,33,-0.9367314698704438,7,4485-b6b989b0-c8f7-4a76-b133-3f2c4301e9f1,dining_03,repeated,between,0.5773489358593717,1.5140804057298154
313,34,-0.2449913075045776,7,4485-b6b989b0-c8f7-4a76-b133-3f2c4301e9f1,dining_04,repeated,between,0.5773489358593717,0.8223402433639493
314,35,-0.7061514157484884,7,4485-b6b989b0-c8f7-4a76-b133-3f2c4301e9f1,dining_01,repeated,between,0.5773489358593717,1.2835003516078602
315,36,-1.3978915781143544,7,4485-b6b989b0-c8f7-4a76-b133-3f2c4301e9f1,dining_06,repeated,between,0.5773489358593717,1.9752405139737261
316,37,-0.01441125338262221,7,4485-b6b989b0-c8f7-4a76-b133-3f2c4301e9f1,waiting_05,control,between,0.5773489358593717,0.5917601892419939
317,38,-0.47557136162653296,7,4485-b6b989b0-c8f7-4a76-b133-3f2c4301e9f1,waiting_02,control,between,0.5773489358593717,1.0529202974859047
318,39,-1.167311523992399,7,4485-b6b989b0-c8f7-4a76-b133-3f2c4301e9f1,waiting_00,control,between,0.5773489358593717,1.7446604598517708
319,40,-0.9367314698704438,7,4485-b6b989b0-c8f7-4a76-b133-3f2c4301e9f1,waiting_07,control,between,0.5773489358593717,1.5140804057298154
320,1,0.4803841537231508,0,5598-e6b25d85-7c51-49f0-9529-c4c42d15b233,waiting_07,repeated,between,0.258197823084901,-0.22218633063824977
321,2,1.120896358687352,0,5598-e6b25d85-7c51-49f0-9529-c4c42d15b233,dining_06,control,between,0.258197823084901,-0.8626985356024509
322,3,-0.16012805124105026,0,5598-e6b25d85-7c51-49f0-9529-c4c42d15b233,waiting_01,repeated,between,0.258197823084901,0.41832587432595125
323,4,-1.4411524611694524,0,5598-e6b25d85-7c51-49f0-9529-c4c42d15b233,dining_03,control,between,0.258197823084901,1.6993502842543533
324,5,-0.8006402562052514,0,5598-e6b25d85-7c51-49f0-9529-c4c42d15b233,dining_05,control,between,0.258197823084901,1.0588380792901524
325,6,-1.4411524611694524,0,5598-e6b25d85-7c51-49f0-9529-c4c42d15b233,waiting_00,repeated,between,-3.8729673462735152,-2.431814885104063
326,7,0.4803841537231508,0,5598-e6b25d85-7c51-49f0-9529-c4c42d15b233,waiting_02,repeated,between,0.258197823084901,-0.22218633063824977
327,8,1.7614085636515528,0,5598-e6b25d85-7c51-49f0-9529-c4c42d15b233,dining_04,control,between,0.258197823084901,-1.5032107405666517
328,33,-0.16012805124105026,7,5598-e6b25d85-7c51-49f0-9529-c4c42d15b233,dining_05,control,between,0.258197823084901,0.41832587432595125
329,34,-0.16012805124105026,7,5598-e6b25d85-7c51-49f0-9529-c4c42d15b233,waiting_00,repeated,between,0.258197823084901,0.41832587432595125
330,35,-0.8006402562052514,7,5598-e6b25d85-7c51-49f0-9529-c4c42d15b233,waiting_02,repeated,between,0.258197823084901,1.0588380792901524
331,36,0.4803841537231508,7,5598-e6b25d85-7c51-49f0-9529-c4c42d15b233,dining_06,control,between,0.258197823084901,-0.22218633063824977
332,37,0.4803841537231508,7,5598-e6b25d85-7c51-49f0-9529-c4c42d15b233,waiting_07,repeated,between,0.258197823084901,-0.22218633063824977
333,38,-0.16012805124105026,7,5598-e6b25d85-7c51-49f0-9529-c4c42d15b233,waiting_01,repeated,between,0.258197823084901,0.41832587432595125
334,39,-1.4411524611694524,7,5598-e6b25d85-7c51-49f0-9529-c4c42d15b233,dining_03,control,between,0.258197823084901,1.6993502842543533
335,40,1.7614085636515528,7,5598-e6b25d85-7c51-49f0-9529-c4c42d15b233,dining_04,control,between,0.258197823084901,-1.5032107405666517
336,1,-0.5313872309441503,0,5892-835639bc-f58d-4232-b93b-1a54fc5f89a4,waiting_01,repeated,between,0.7745950692447884,1.3059823001889388
337,2,0.3731016727905736,0,5892-835639bc-f58d-4232-b93b-1a54fc5f89a4,waiting_04,repeated,between,-1.2909917820746473,-1.6640934548652209
338,3,0.7348972342844632,0,5892-835639bc-f58d-4232-b93b-1a54fc5f89a4,dining_05,control,between,0.7745950692447884,0.039697834960325196
339,4,-0.5313872309441503,0,5892-835639bc-f58d-4232-b93b-1a54fc5f89a4,dining_02,control,between,0.7745950692447884,1.3059823001889388
340,5,-0.5313872309441503,0,5892-835639bc-f58d-4232-b93b-1a54fc5f89a4,waiting_03,repeated,between,0.7745950692447884,1.3059823001889388
341,6,0.3731016727905736,0,5892-835639bc-f58d-4232-b93b-1a54fc5f89a4,dining_06,control,between,-1.2909917820746473,-1.6640934548652209
342,7,-0.8931827924380398,0,5892-835639bc-f58d-4232-b93b-1a54fc5f89a4,waiting_07,repeated,between,0.7745950692447884,1.6677778616828283
343,8,0.3731016727905736,0,5892-835639bc-f58d-4232-b93b-1a54fc5f89a4,dining_00,control,between,-1.2909917820746473,-1.6640934548652209
344,33,0.7348972342844632,7,5892-835639bc-f58d-4232-b93b-1a54fc5f89a4,dining_05,control,between,-1.2909917820746473,-2.0258890163591103
345,34,-0.5313872309441503,7,5892-835639bc-f58d-4232-b93b-1a54fc5f89a4,dining_06,control,between,0.7745950692447884,1.3059823001889388
346,35,-0.8931827924380398,7,5892-835639bc-f58d-4232-b93b-1a54fc5f89a4,waiting_07,repeated,between,0.7745950692447884,1.6677778616828283
347,36,3.26746616474169,7,5892-835639bc-f58d-4232-b93b-1a54fc5f89a4,dining_00,control,between,-1.2909917820746473,-4.558457946816337
348,37,-0.5313872309441503,7,5892-835639bc-f58d-4232-b93b-1a54fc5f89a4,waiting_04,repeated,between,-1.2909917820746473,-0.759604551130497
349,38,-0.5313872309441503,7,5892-835639bc-f58d-4232-b93b-1a54fc5f89a4,waiting_03,repeated,between,0.7745950692447884,1.3059823001889388
350,39,-0.16959166945026072,7,5892-835639bc-f58d-4232-b93b-1a54fc5f89a4,dining_02,control,between,0.7745950692447884,0.9441867386950491
351,40,-0.712285011691095,7,5892-835639bc-f58d-4232-b93b-1a54fc5f89a4,waiting_01,repeated,between,0.7745950692447884,1.4868800809358835
352,1,1.9725232861691004,0,6333-9ef157b9-68ab-438e-bb27-f588abc2c906,dining_07,repeated,between,0.37796333015554007,-1.5945599560135604
353,2,-0.7718569380661697,0,6333-9ef157b9-68ab-438e-bb27-f588abc2c906,dining_03,repeated,between,0.37796333015554007,1.1498202682217098
354,3,-0.7718569380661697,0,6333-9ef157b9-68ab-438e-bb27-f588abc2c906,waiting_04,control,between,0.37796333015554007,1.1498202682217098
355,4,0.32589515162793836,0,6333-9ef157b9-68ab-438e-bb27-f588abc2c906,waiting_02,control,between,0.37796333015554007,0.052068178527601705
356,5,1.1492092188985195,0,6333-9ef157b9-68ab-438e-bb27-f588abc2c906,dining_00,repeated,between,-2.6457433110887805,-3.7949525299872997
357,6,-0.2229808932191157,0,6333-9ef157b9-68ab-438e-bb27-f588abc2c906,waiting_01,control,between,0.37796333015554007,0.6009442233746558
358,7,0.05145712920441132,0,6333-9ef157b9-68ab-438e-bb27-f588abc2c906,waiting_06,control,between,0.37796333015554007,0.32650620095112876
359,8,0.6003331740514654,0,6333-9ef157b9-68ab-438e-bb27-f588abc2c906,dining_05,repeated,between,0.37796333015554007,-0.2223698438959253
360,33,-0.49741891564264273,7,6333-9ef157b9-68ab-438e-bb27-f588abc2c906,waiting_01,control,between,0.37796333015554007,0.8753822457981828
361,34,0.32589515162793836,7,6333-9ef157b9-68ab-438e-bb27-f588abc2c906,dining_05,repeated,between,-2.6457433110887805,-2.9716384627167187
362,35,-1.320732982913224,7,6333-9ef157b9-68ab-438e-bb27-f588abc2c906,dining_03,repeated,between,0.37796333015554007,1.698696313068764
363,36,-0.7718569380661697,7,6333-9ef157b9-68ab-438e-bb27-f588abc2c906,waiting_02,control,between,0.37796333015554007,1.1498202682217098
364,37,-0.7718569380661697,7,6333-9ef157b9-68ab-438e-bb27-f588abc2c906,waiting_06,control,between,0.37796333015554007,1.1498202682217098
365,38,0.6003331740514654,7,6333-9ef157b9-68ab-438e-bb27-f588abc2c906,waiting_04,control,between,0.37796333015554007,-0.2223698438959253
366,39,-1.595171005336751,7,6333-9ef157b9-68ab-438e-bb27-f588abc2c906,dining_07,repeated,between,0.37796333015554007,1.973134335492291
367,40,1.6980852637455734,7,6333-9ef157b9-68ab-438e-bb27-f588abc2c906,dining_00,repeated,between,0.37796333015554007,-1.3201219335900334
368,1,1.1233756701863904,0,6378-75ca9ee2-ed38-4434-b0bc-00c039f29b57,dining_07,control,between,0.37796333015554007,-0.7454123400308503
369,2,1.1233756701863904,0,6378-75ca9ee2-ed38-4434-b0bc-00c039f29b57,dining_04,control,between,-2.6457433110887805,-3.769118981275171
370,3,-0.2080325315159982,0,6378-75ca9ee2-ed38-4434-b0bc-00c039f29b57,waiting_01,repeated,between,0.37796333015554007,0.5859958616715383
371,4,-1.3175393662679886,0,6378-75ca9ee2-ed38-4434-b0bc-00c039f29b57,waiting_03,repeated,between,0.37796333015554007,1.6955026964235287
372,5,1.3452770371367884,0,6378-75ca9ee2-ed38-4434-b0bc-00c039f29b57,dining_00,control,between,0.37796333015554007,-0.9673137069812483
373,6,-0.2080325315159982,0,6378-75ca9ee2-ed38-4434-b0bc-00c039f29b57,waiting_06,repeated,between,0.37796333015554007,0.5859958616715383
374,7,-0.4299338984663963,0,6378-75ca9ee2-ed38-4434-b0bc-00c039f29b57,dining_02,control,between,0.37796333015554007,0.8078972286219364
375,8,-1.0956379993175904,0,6378-75ca9ee2-ed38-4434-b0bc-00c039f29b57,waiting_05,repeated,between,-2.6457433110887805,-1.55010531177119
376,33,-0.8737366323671925,7,6378-75ca9ee2-ed38-4434-b0bc-00c039f29b57,dining_02,control,between,0.37796333015554007,1.2516999625227325
377,34,-0.8737366323671925,7,6378-75ca9ee2-ed38-4434-b0bc-00c039f29b57,waiting_01,repeated,between,0.37796333015554007,1.2516999625227325
378,35,-1.0956379993175904,7,6378-75ca9ee2-ed38-4434-b0bc-00c039f29b57,waiting_03,repeated,between,0.37796333015554007,1.4736013294731305
379,36,1.3452770371367884,7,6378-75ca9ee2-ed38-4434-b0bc-00c039f29b57,dining_00,control,between,0.37796333015554007,-0.9673137069812483
380,37,-0.6518352654167944,7,6378-75ca9ee2-ed38-4434-b0bc-00c039f29b57,waiting_05,repeated,between,0.37796333015554007,1.0297985955723346
381,38,-0.6518352654167944,7,6378-75ca9ee2-ed38-4434-b0bc-00c039f29b57,waiting_06,repeated,between,0.37796333015554007,1.0297985955723346
382,39,1.1233756701863904,7,6378-75ca9ee2-ed38-4434-b0bc-00c039f29b57,dining_04,control,between,0.37796333015554007,-0.7454123400308503
383,40,1.3452770371367884,7,6378-75ca9ee2-ed38-4434-b0bc-00c039f29b57,dining_07,control,between,0.37796333015554007,-0.9673137069812483
384,1,1.338490994947698,0,6540-741a0240-208a-46d6-8181-5858614f27c0,dining_07,control,between,-1.2909917820746473,-2.6294827770223455
385,2,-0.11343144024980491,0,6540-741a0240-208a-46d6-8181-5858614f27c0,waiting_03,repeated,between,-1.2909917820746473,-1.1775603418248424
386,3,1.338490994947698,0,6540-741a0240-208a-46d6-8181-5858614f27c0,dining_04,control,between,-1.2909917820746473,-2.6294827770223455
387,4,-0.11343144024980491,0,6540-741a0240-208a-46d6-8181-5858614f27c0,waiting_06,repeated,between,-1.2909917820746473,-1.1775603418248424
388,5,-0.11343144024980491,0,6540-741a0240-208a-46d6-8181-5858614f27c0,dining_05,control,between,0.7745950692447884,0.8880265094945933
389,6,-1.202373266647932,0,6540-741a0240-208a-46d6-8181-5858614f27c0,waiting_01,repeated,between,0.7745950692447884,1.9769683358927206
390,7,-1.5653538754473078,0,6540-741a0240-208a-46d6-8181-5858614f27c0,waiting_02,repeated,between,0.7745950692447884,2.3399489446920962
391,8,0.9755103861483222,0,6540-741a0240-208a-46d6-8181-5858614f27c0,dining_00,control,between,-1.2909917820746473,-2.2665021682229693
392,33,-0.4764120490491806,7,6540-741a0240-208a-46d6-8181-5858614f27c0,waiting_06,repeated,between,0.7745950692447884,1.251007118293969
393,34,-1.202373266647932,7,6540-741a0240-208a-46d6-8181-5858614f27c0,waiting_03,repeated,between,0.7745950692447884,1.9769683358927206
394,35,-1.5653538754473078,7,6540-741a0240-208a-46d6-8181-5858614f27c0,waiting_02,repeated,between,0.7745950692447884,2.3399489446920962
395,36,0.6125297773489465,7,6540-741a0240-208a-46d6-8181-5858614f27c0,dining_04,control,between,0.7745950692447884,0.16206529189584185
396,37,0.2495491685495708,7,6540-741a0240-208a-46d6-8181-5858614f27c0,dining_05,control,between,0.7745950692447884,0.5250459006952176
397,38,0.9755103861483222,7,6540-741a0240-208a-46d6-8181-5858614f27c0,dining_07,control,between,-1.2909917820746473,-2.2665021682229693
398,39,1.338490994947698,7,6540-741a0240-208a-46d6-8181-5858614f27c0,dining_00,control,between,0.7745950692447884,-0.5638959257029096
399,40,-0.4764120490491806,7,6540-741a0240-208a-46d6-8181-5858614f27c0,waiting_01,repeated,between,0.7745950692447884,1.251007118293969
400,1,0.39056652955274707,0,6725-7351d615-c816-4608-8554-afecf47c4b42,dining_03,repeated,between,0.0,-0.39056652955274707
401,2,-0.130188843184249,0,6725-7351d615-c816-4608-8554-afecf47c4b42,waiting_01,control,between,0.0,0.130188843184249
402,3,1.9528326477637352,0,6725-7351d615-c816-4608-8554-afecf47c4b42,dining_04,repeated,between,0.0,-1.9528326477637352
403,4,-0.130188843184249,0,6725-7351d615-c816-4608-8554-afecf47c4b42,dining_06,repeated,between,0.0,0.130188843184249
404,5,-0.130188843184249,0,6725-7351d615-c816-4608-8554-afecf47c4b42,waiting_00,control,between,0.0,0.130188843184249
405,6,2.4735880205007312,0,6725-7351d615-c816-4608-8554-afecf47c4b42,dining_07,repeated,between,0.0,-2.4735880205007312
406,7,-0.6509442159212451,0,6725-7351d615-c816-4608-8554-afecf47c4b42,waiting_05,control,between,0.0,0.6509442159212451
407,8,-0.130188843184249,0,6725-7351d615-c816-4608-8554-afecf47c4b42,waiting_02,control,between,0.0,0.130188843184249
408,33,-0.6509442159212451,7,6725-7351d615-c816-4608-8554-afecf47c4b42,waiting_00,control,between,0.0,0.6509442159212451
409,34,-1.692454961395237,7,6725-7351d615-c816-4608-8554-afecf47c4b42,waiting_02,control,between,0.0,1.692454961395237
410,35,-0.130188843184249,7,6725-7351d615-c816-4608-8554-afecf47c4b42,dining_04,repeated,between,0.0,0.130188843184249
411,36,0.39056652955274707,7,6725-7351d615-c816-4608-8554-afecf47c4b42,dining_03,repeated,between,0.0,-0.39056652955274707
412,37,-0.130188843184249,7,6725-7351d615-c816-4608-8554-afecf47c4b42,dining_06,repeated,between,0.0,0.130188843184249
413,38,-1.171699588658241,7,6725-7351d615-c816-4608-8554-afecf47c4b42,waiting_05,control,between,0.0,1.171699588658241
414,39,-0.6509442159212451,7,6725-7351d615-c816-4608-8554-afecf47c4b42,dining_07,repeated,between,0.0,0.6509442159212451
415,40,0.39056652955274707,7,6725-7351d615-c816-4608-8554-afecf47c4b42,waiting_01,control,between,0.0,-0.39056652955274707
416,1,2.831638200527962,0,7940-e30c3a20-dd99-4efc-ae92-f650a7f1d6e6,dining_00,control,between,-2.6457433110887805,-5.477381511616743
417,2,-0.18877588003519746,0,7940-e30c3a20-dd99-4efc-ae92-f650a7f1d6e6,dining_07,control,between,0.37796333015554007,0.5667392101907376
418,3,0.2427118457595396,0,7940-e30c3a20-dd99-4efc-ae92-f650a7f1d6e6,dining_05,control,between,0.37796333015554007,0.13525148439600046
419,4,0.2427118457595396,0,7940-e30c3a20-dd99-4efc-ae92-f650a7f1d6e6,waiting_01,repeated,between,0.37796333015554007,0.13525148439600046
420,5,-1.4832390574194085,0,7940-e30c3a20-dd99-4efc-ae92-f650a7f1d6e6,waiting_03,repeated,between,0.37796333015554007,1.8612023875749486
421,6,0.6741995715542767,0,7940-e30c3a20-dd99-4efc-ae92-f650a7f1d6e6,waiting_02,repeated,between,0.37796333015554007,-0.2962362413987366
422,7,0.2427118457595396,0,7940-e30c3a20-dd99-4efc-ae92-f650a7f1d6e6,dining_04,control,between,0.37796333015554007,0.13525148439600046
423,8,-1.4832390574194085,0,7940-e30c3a20-dd99-4efc-ae92-f650a7f1d6e6,waiting_06,repeated,between,-2.6457433110887805,-1.162504253669372
424,33,-0.18877588003519746,7,7940-e30c3a20-dd99-4efc-ae92-f650a7f1d6e6,waiting_06,repeated,between,0.37796333015554007,0.5667392101907376
425,34,-0.18877588003519746,7,7940-e30c3a20-dd99-4efc-ae92-f650a7f1d6e6,dining_05,control,between,0.37796333015554007,0.5667392101907376
426,35,-0.6202636058299346,7,7940-e30c3a20-dd99-4efc-ae92-f650a7f1d6e6,waiting_03,repeated,between,0.37796333015554007,0.9982269359854746
427,36,0.6741995715542767,7,7940-e30c3a20-dd99-4efc-ae92-f650a7f1d6e6,dining_07,control,between,0.37796333015554007,-0.2962362413987366
428,37,0.2427118457595396,7,7940-e30c3a20-dd99-4efc-ae92-f650a7f1d6e6,dining_04,control,between,0.37796333015554007,0.13525148439600046
429,38,0.6741995715542767,7,7940-e30c3a20-dd99-4efc-ae92-f650a7f1d6e6,dining_00,control,between,0.37796333015554007,-0.2962362413987366
430,39,-1.0517513316246716,7,7940-e30c3a20-dd99-4efc-ae92-f650a7f1d6e6,waiting_01,repeated,between,0.37796333015554007,1.4297146617802117
431,40,-0.6202636058299346,7,7940-e30c3a20-dd99-4efc-ae92-f650a7f1d6e6,waiting_02,repeated,between,0.37796333015554007,0.9982269359854746
432,1,-0.4984573991743017,0,8705-4970135a-e63c-4cd1-953f-d5850978a781,waiting_03,control,between,0.258197823084901,0.7566552222592027
433,2,1.3141149614595227,0,8705-4970135a-e63c-4cd1-953f-d5850978a781,dining_05,repeated,between,0.258197823084901,-1.0559171383746215
434,3,-0.13594292704753683,0,8705-4970135a-e63c-4cd1-953f-d5850978a781,waiting_06,control,between,0.258197823084901,0.3941407501324379
435,4,-0.13594292704753683,0,8705-4970135a-e63c-4cd1-953f-d5850978a781,dining_07,repeated,between,0.258197823084901,0.3941407501324379
436,5,-1.2234863434278314,0,8705-4970135a-e63c-4cd1-953f-d5850978a781,waiting_04,control,between,0.258197823084901,1.4816841665127325
437,6,1.3141149614595227,0,8705-4970135a-e63c-4cd1-953f-d5850978a781,dining_01,repeated,between,0.258197823084901,-1.0559171383746215
438,7,0.9516004893327578,0,8705-4970135a-e63c-4cd1-953f-d5850978a781,dining_02,repeated,between,0.258197823084901,-0.6934026662478567
439,8,-1.2234863434278314,0,8705-4970135a-e63c-4cd1-953f-d5850978a781,waiting_00,control,between,0.258197823084901,1.4816841665127325
440,33,-1.5860008155545962,7,8705-4970135a-e63c-4cd1-953f-d5850978a781,waiting_03,control,between,0.258197823084901,1.8441986386394973
441,34,-0.13594292704753683,7,8705-4970135a-e63c-4cd1-953f-d5850978a781,dining_07,repeated,between,0.258197823084901,0.3941407501324379
442,35,-1.2234863434278314,7,8705-4970135a-e63c-4cd1-953f-d5850978a781,waiting_00,control,between,0.258197823084901,1.4816841665127325
443,36,-0.8609718713010666,7,8705-4970135a-e63c-4cd1-953f-d5850978a781,waiting_06,control,between,0.258197823084901,1.1191696943859677
444,37,0.9516004893327578,7,8705-4970135a-e63c-4cd1-953f-d5850978a781,dining_01,repeated,between,-3.8729673462735152,-4.824567835606273
445,38,0.22657154507922803,7,8705-4970135a-e63c-4cd1-953f-d5850978a781,waiting_04,control,between,0.258197823084901,0.031626278005673
446,39,1.3141149614595227,7,8705-4970135a-e63c-4cd1-953f-d5850978a781,dining_02,repeated,between,0.258197823084901,-1.0559171383746215
447,40,0.9516004893327578,7,8705-4970135a-e63c-4cd1-953f-d5850978a781,dining_05,repeated,between,0.258197823084901,-0.6934026662478567
448,1,1.283016083715328,0,9289-9e66fe1c-fc3d-4fc3-868f-ac6a2c7def6e,dining_04,control,between,0.258197823084901,-1.0248182606304268
449,2,1.8957998848927982,0,9289-9e66fe1c-fc3d-4fc3-868f-ac6a2c7def6e,dining_02,control,between,0.258197823084901,-1.6376020618078972
450,3,0.3638403819491229,0,9289-9e66fe1c-fc3d-4fc3-868f-ac6a2c7def6e,waiting_01,repeated,between,0.258197823084901,-0.10564255886422186
451,4,1.589407984304063,0,9289-9e66fe1c-fc3d-4fc3-868f-ac6a2c7def6e,waiting_05,repeated,between,-3.8729673462735152,-5.462375330577578
452,5,-1.1681191209945523,0,9289-9e66fe1c-fc3d-4fc3-868f-ac6a2c7def6e,waiting_00,repeated,between,0.258197823084901,1.4263169440794532
453,6,0.6702322825378579,0,9289-9e66fe1c-fc3d-4fc3-868f-ac6a2c7def6e,dining_07,control,between,0.258197823084901,-0.4120344594529569
454,7,-0.24894341922834723,0,9289-9e66fe1c-fc3d-4fc3-868f-ac6a2c7def6e,dining_06,control,between,0.258197823084901,0.5071412423132482
455,8,-0.5553353198170823,0,9289-9e66fe1c-fc3d-4fc3-868f-ac6a2c7def6e,waiting_03,repeated,between,0.258197823084901,0.8135331429019833
456,33,-0.24894341922834723,7,9289-9e66fe1c-fc3d-4fc3-868f-ac6a2c7def6e,dining_04,control,between,0.258197823084901,0.5071412423132482
457,34,-0.24894341922834723,7,9289-9e66fe1c-fc3d-4fc3-868f-ac6a2c7def6e,waiting_01,repeated,between,0.258197823084901,0.5071412423132482
458,35,-1.1681191209945523,7,9289-9e66fe1c-fc3d-4fc3-868f-ac6a2c7def6e,waiting_00,repeated,between,0.258197823084901,1.4263169440794532
459,36,-0.8617272204058173,7,9289-9e66fe1c-fc3d-4fc3-868f-ac6a2c7def6e,waiting_05,repeated,between,0.258197823084901,1.1199250434907184
460,37,0.05744848136038782,7,9289-9e66fe1c-fc3d-4fc3-868f-ac6a2c7def6e,dining_07,control,between,0.258197823084901,0.2007493417245132
461,38,-1.7809029221720225,7,9289-9e66fe1c-fc3d-4fc3-868f-ac6a2c7def6e,waiting_03,repeated,between,0.258197823084901,2.0391007452569236
462,39,-0.24894341922834723,7,9289-9e66fe1c-fc3d-4fc3-868f-ac6a2c7def6e,dining_02,control,between,0.258197823084901,0.5071412423132482
463,40,0.6702322825378579,7,9289-9e66fe1c-fc3d-4fc3-868f-ac6a2c7def6e,dining_06,control,between,0.258197823084901,-0.4120344594529569
464,1,-0.8651317705171301,0,9329-3901b756-7cdb-4061-b8b3-41e6e2be20fd,dining_02,control,between,0.0,0.8651317705171301
465,2,-0.026216114258094853,0,9329-3901b756-7cdb-4061-b8b3-41e6e2be20fd,waiting_04,repeated,between,0.0,0.026216114258094853
466,3,1.232157370130458,0,9329-3901b756-7cdb-4061-b8b3-41e6e2be20fd,dining_01,control,between,0.0,-1.232157370130458
467,4,-0.4456739423876125,0,9329-3901b756-7cdb-4061-b8b3-41e6e2be20fd,waiting_05,repeated,between,0.0,0.4456739423876125
468,5,0.39324171387142276,0,9329-3901b756-7cdb-4061-b8b3-41e6e2be20fd,dining_00,control,between,0.0,-0.39324171387142276
469,6,0.8126995420009404,0,9329-3901b756-7cdb-4061-b8b3-41e6e2be20fd,dining_06,control,between,0.0,-0.8126995420009404
470,7,-1.7040474267761654,0,9329-3901b756-7cdb-4061-b8b3-41e6e2be20fd,waiting_07,repeated,between,0.0,1.7040474267761654
471,8,-1.2845895986466478,0,9329-3901b756-7cdb-4061-b8b3-41e6e2be20fd,waiting_03,repeated,between,0.0,1.2845895986466478
472,33,1.232157370130458,7,9329-3901b756-7cdb-4061-b8b3-41e6e2be20fd,dining_06,control,between,0.0,-1.232157370130458
473,34,0.39324171387142276,7,9329-3901b756-7cdb-4061-b8b3-41e6e2be20fd,waiting_05,repeated,between,0.0,-0.39324171387142276
474,35,0.39324171387142276,7,9329-3901b756-7cdb-4061-b8b3-41e6e2be20fd,dining_00,control,between,0.0,-0.39324171387142276
475,36,-0.4456739423876125,7,9329-3901b756-7cdb-4061-b8b3-41e6e2be20fd,waiting_03,repeated,between,0.0,0.4456739423876125
476,37,-1.7040474267761654,7,9329-3901b756-7cdb-4061-b8b3-41e6e2be20fd,waiting_07,repeated,between,0.0,1.7040474267761654
477,38,1.232157370130458,7,9329-3901b756-7cdb-4061-b8b3-41e6e2be20fd,dining_01,control,between,0.0,-1.232157370130458
478,39,1.232157370130458,7,9329-3901b756-7cdb-4061-b8b3-41e6e2be20fd,waiting_04,repeated,between,0.0,-1.232157370130458
479,40,-0.4456739423876125,7,9329-3901b756-7cdb-4061-b8b3-41e6e2be20fd,dining_02,control,between,0.0,0.4456739423876125
480,1,-0.33925435106056556,0,9338-3d6dc953-6aca-48c1-b949-4e5491d3b967,waiting_05,control,between,0.4803832306491839,0.8196375817097494
481,2,0.29934207446520494,0,9338-3d6dc953-6aca-48c1-b949-4e5491d3b967,waiting_02,control,between,0.4803832306491839,0.18104115618397898
482,3,2.2151313510425163,0,9338-3d6dc953-6aca-48c1-b949-4e5491d3b967,dining_03,repeated,between,0.4803832306491839,-1.7347481203933324
483,4,-0.6585525638234508,0,9338-3d6dc953-6aca-48c1-b949-4e5491d3b967,waiting_04,control,between,-2.0816606661464636,-1.4231081023230128
484,5,0.9379384999909754,0,9338-3d6dc953-6aca-48c1-b949-4e5491d3b967,dining_01,repeated,between,-2.0816606661464636,-3.0195991661374393
485,6,0.9379384999909754,0,9338-3d6dc953-6aca-48c1-b949-4e5491d3b967,dining_00,repeated,between,0.4803832306491839,-0.4575552693417915
486,7,-0.6585525638234508,0,9338-3d6dc953-6aca-48c1-b949-4e5491d3b967,waiting_07,control,between,0.4803832306491839,1.1389357944726348
487,8,0.9379384999909754,0,9338-3d6dc953-6aca-48c1-b949-4e5491d3b967,dining_06,repeated,between,0.4803832306491839,-0.4575552693417915
488,33,-0.6585525638234508,7,9338-3d6dc953-6aca-48c1-b949-4e5491d3b967,dining_01,repeated,between,0.4803832306491839,1.1389357944726348
489,34,-1.2971489893492214,7,9338-3d6dc953-6aca-48c1-b949-4e5491d3b967,dining_03,repeated,between,0.4803832306491839,1.7775322199984054
490,35,0.9379384999909754,7,9338-3d6dc953-6aca-48c1-b949-4e5491d3b967,dining_06,repeated,between,0.4803832306491839,-0.4575552693417915
491,36,-1.6164472021121066,7,9338-3d6dc953-6aca-48c1-b949-4e5491d3b967,waiting_05,control,between,0.4803832306491839,2.0968304327612906
492,37,-0.6585525638234508,7,9338-3d6dc953-6aca-48c1-b949-4e5491d3b967,waiting_04,control,between,-2.0816606661464636,-1.4231081023230128
493,38,-0.977850776586336,7,9338-3d6dc953-6aca-48c1-b949-4e5491d3b967,waiting_07,control,between,0.4803832306491839,1.45823400723552
494,39,0.6186402872280902,7,9338-3d6dc953-6aca-48c1-b949-4e5491d3b967,waiting_02,control,between,0.4803832306491839,-0.13825705657890625
495,40,-0.019956138297680327,7,9338-3d6dc953-6aca-48c1-b949-4e5491d3b967,dining_00,repeated,between,0.4803832306491839,0.5003393689468643
496,1,-0.7720794228370982,0,9662-69da656f-884a-416f-a492-59c9f6a13a34,waiting_04,control,between,0.8819153259140028,1.653994748751101
497,2,-1.4779806094310166,0,9662-69da656f-884a-416f-a492-59c9f6a13a34,dining_00,repeated,between,-1.1338911333180035,0.3440894761130131
498,3,-0.06617823624317984,0,9662-69da656f-884a-416f-a492-59c9f6a13a34,waiting_05,control,between,-1.1338911333180035,-1.0677128970748238
499,4,-0.419128829540139,0,9662-69da656f-884a-416f-a492-59c9f6a13a34,waiting_01,control,between,-1.1338911333180035,-0.7147623037778645
500,5,-0.06617823624317984,0,9662-69da656f-884a-416f-a492-59c9f6a13a34,dining_06,repeated,between,0.8819153259140028,0.9480935621571827
501,6,0.9926735436476977,0,9662-69da656f-884a-416f-a492-59c9f6a13a34,dining_03,repeated,between,-1.1338911333180035,-2.1265646769657014
502,7,0.28677235705377935,0,9662-69da656f-884a-416f-a492-59c9f6a13a34,dining_02,repeated,between,-1.1338911333180035,-1.420663490371783
503,8,-0.419128829540139,0,9662-69da656f-884a-416f-a492-59c9f6a13a34,waiting_07,control,between,-1.1338911333180035,-0.7147623037778645
504,33,-0.419128829540139,7,9662-69da656f-884a-416f-a492-59c9f6a13a34,waiting_04,control,between,-1.1338911333180035,-0.7147623037778645
505,34,0.6397229503507385,7,9662-69da656f-884a-416f-a492-59c9f6a13a34,dining_02,repeated,between,0.8819153259140028,0.24219237556326434
506,35,-1.1250300161340574,7,9662-69da656f-884a-416f-a492-59c9f6a13a34,waiting_07,control,between,0.8819153259140028,2.00694534204806
507,36,-1.8309312027279756,7,9662-69da656f-884a-416f-a492-59c9f6a13a34,waiting_05,control,between,0.8819153259140028,2.7128465286419785
508,37,0.9926735436476977,7,9662-69da656f-884a-416f-a492-59c9f6a13a34,waiting_01,control,between,0.8819153259140028,-0.11075821773369487
509,38,2.0515253235385753,7,9662-69da656f-884a-416f-a492-59c9f6a13a34,dining_03,repeated,between,0.8819153259140028,-1.1696099976245726
510,39,0.9926735436476977,7,9662-69da656f-884a-416f-a492-59c9f6a13a34,dining_06,repeated,between,0.8819153259140028,-0.11075821773369487
511,40,0.6397229503507385,7,9662-69da656f-884a-416f-a492-59c9f6a13a34,dining_00,repeated,between,0.8819153259140028,0.24219237556326434
512,1,1.8058296532312381,0,9769-9f38f477-8dbd-4976-96fa-d359b0d05222,dining_05,repeated,between,-2.0816606661464636,-3.8874903193777017
513,2,-0.2099801922361905,0,9769-9f38f477-8dbd-4976-96fa-d359b0d05222,waiting_07,control,between,0.4803832306491839,0.6903634228853744
514,3,-0.2099801922361905,0,9769-9f38f477-8dbd-4976-96fa-d359b0d05222,dining_03,repeated,between,0.4803832306491839,0.6903634228853744
515,4,1.1338930380754286,0,9769-9f38f477-8dbd-4976-96fa-d359b0d05222,dining_04,repeated,between,-2.0816606661464636,-3.2155537042218922
516,5,-0.5459484998140953,0,9769-9f38f477-8dbd-4976-96fa-d359b0d05222,waiting_01,control,between,0.4803832306491839,1.0263317304632793
517,6,-1.2178851149699048,0,9769-9f38f477-8dbd-4976-96fa-d359b0d05222,waiting_00,control,between,-2.0816606661464636,-0.8637755511765588
518,7,1.8058296532312381,0,9769-9f38f477-8dbd-4976-96fa-d359b0d05222,waiting_02,control,between,0.4803832306491839,-1.3254464225820541
519,8,0.1259881153417143,0,9769-9f38f477-8dbd-4976-96fa-d359b0d05222,dining_06,repeated,between,0.4803832306491839,0.3543951153074696
520,33,0.1259881153417143,7,9769-9f38f477-8dbd-4976-96fa-d359b0d05222,dining_06,repeated,between,0.4803832306491839,0.3543951153074696
521,34,-0.5459484998140953,7,9769-9f38f477-8dbd-4976-96fa-d359b0d05222,dining_03,repeated,between,0.4803832306491839,1.0263317304632793
522,35,-0.8819168073920001,7,9769-9f38f477-8dbd-4976-96fa-d359b0d05222,dining_05,repeated,between,0.4803832306491839,1.362300038041184
523,36,-0.2099801922361905,7,9769-9f38f477-8dbd-4976-96fa-d359b0d05222,dining_04,repeated,between,0.4803832306491839,0.6903634228853744
524,37,-0.2099801922361905,7,9769-9f38f477-8dbd-4976-96fa-d359b0d05222,waiting_07,control,between,0.4803832306491839,0.6903634228853744
525,38,1.4698613456533334,7,9769-9f38f477-8dbd-4976-96fa-d359b0d05222,waiting_02,control,between,0.4803832306491839,-0.9894781150041494
526,39,-1.2178851149699048,7,9769-9f38f477-8dbd-4976-96fa-d359b0d05222,waiting_01,control,between,0.4803832306491839,1.6982683456190888
527,40,-1.2178851149699048,7,9769-9f38f477-8dbd-4976-96fa-d359b0d05222,waiting_00,control,between,0.4803832306491839,1.6982683456190888
528,1,1.3598471114833,0,9790-3a0dd9df-cae0-4f97-95b4-93bf1d0bfd09,dining_05,control,between,-1.732046807578115,-3.091893919061415
529,2,2.46149540433053,0,9790-3a0dd9df-cae0-4f97-95b4-93bf1d0bfd09,dining_01,control,between,0.5773489358593717,-1.8841464684711584
530,3,-0.2926253277875455,0,9790-3a0dd9df-cae0-4f97-95b4-93bf1d0bfd09,waiting_06,repeated,between,0.5773489358593717,0.8699742636469172
531,4,-1.1188615474229682,0,9790-3a0dd9df-cae0-4f97-95b4-93bf1d0bfd09,waiting_07,repeated,between,0.5773489358593717,1.69621048328234
532,5,-0.017213254575737972,0,9790-3a0dd9df-cae0-4f97-95b4-93bf1d0bfd09,dining_04,control,between,-1.732046807578115,-1.714833553002377
533,6,0.2581988186360696,0,9790-3a0dd9df-cae0-4f97-95b4-93bf1d0bfd09,dining_00,control,between,0.5773489358593717,0.31915011722330217
534,7,-0.2926253277875455,0,9790-3a0dd9df-cae0-4f97-95b4-93bf1d0bfd09,waiting_02,repeated,between,0.5773489358593717,0.8699742636469172
535,8,-0.5680374009993531,0,9790-3a0dd9df-cae0-4f97-95b4-93bf1d0bfd09,waiting_03,repeated,between,0.5773489358593717,1.1453863368587247
536,33,0.8090229650596847,7,9790-3a0dd9df-cae0-4f97-95b4-93bf1d0bfd09,dining_05,control,between,-1.732046807578115,-2.5410697726377998
537,34,0.2581988186360696,7,9790-3a0dd9df-cae0-4f97-95b4-93bf1d0bfd09,dining_00,control,between,0.5773489358593717,0.31915011722330217
538,35,-0.8434494742111607,7,9790-3a0dd9df-cae0-4f97-95b4-93bf1d0bfd09,waiting_07,repeated,between,0.5773489358593717,1.4207984100705324
539,36,1.3598471114833,7,9790-3a0dd9df-cae0-4f97-95b4-93bf1d0bfd09,dining_01,control,between,0.5773489358593717,-0.7824981756239282
540,37,-0.8434494742111607,7,9790-3a0dd9df-cae0-4f97-95b4-93bf1d0bfd09,waiting_02,repeated,between,0.5773489358593717,1.4207984100705324
541,38,-1.1188615474229682,7,9790-3a0dd9df-cae0-4f97-95b4-93bf1d0bfd09,waiting_03,repeated,between,0.5773489358593717,1.69621048328234
542,39,-0.5680374009993531,7,9790-3a0dd9df-cae0-4f97-95b4-93bf1d0bfd09,dining_04,control,between,-1.732046807578115,-1.1640094065787618
543,40,-0.8434494742111607,7,9790-3a0dd9df-cae0-4f97-95b4-93bf1d0bfd09,waiting_06,repeated,between,0.5773489358593717,1.4207984100705324
